CREATE DATABASE  IF NOT EXISTS `tmi` /*!40100 DEFAULT CHARACTER SET utf8mb4 COLLATE utf8mb4_0900_ai_ci */ /*!80016 DEFAULT ENCRYPTION='N' */;
USE `tmi`;
-- MySQL dump 10.13  Distrib 8.0.22, for Win64 (x86_64)
--
-- Host: k4a201.p.ssafy.io    Database: tmi
-- ------------------------------------------------------
-- Server version	8.0.24

/*!40101 SET @OLD_CHARACTER_SET_CLIENT=@@CHARACTER_SET_CLIENT */;
/*!40101 SET @OLD_CHARACTER_SET_RESULTS=@@CHARACTER_SET_RESULTS */;
/*!40101 SET @OLD_COLLATION_CONNECTION=@@COLLATION_CONNECTION */;
/*!50503 SET NAMES utf8 */;
/*!40103 SET @OLD_TIME_ZONE=@@TIME_ZONE */;
/*!40103 SET TIME_ZONE='+00:00' */;
/*!40014 SET @OLD_UNIQUE_CHECKS=@@UNIQUE_CHECKS, UNIQUE_CHECKS=0 */;
/*!40014 SET @OLD_FOREIGN_KEY_CHECKS=@@FOREIGN_KEY_CHECKS, FOREIGN_KEY_CHECKS=0 */;
/*!40101 SET @OLD_SQL_MODE=@@SQL_MODE, SQL_MODE='NO_AUTO_VALUE_ON_ZERO' */;
/*!40111 SET @OLD_SQL_NOTES=@@SQL_NOTES, SQL_NOTES=0 */;

--
-- Table structure for table `app`
--

DROP TABLE IF EXISTS `app`;
/*!40101 SET @saved_cs_client     = @@character_set_client */;
/*!50503 SET character_set_client = utf8mb4 */;
CREATE TABLE `app` (
  `id` varchar(255) NOT NULL,
  `description` varchar(255) DEFAULT NULL,
  `git_url` varchar(255) DEFAULT NULL,
  `recent_datetime` datetime DEFAULT NULL,
  `recent_total_branch_cov_covered` int NOT NULL,
  `recent_total_branch_cov_missed` int NOT NULL,
  `recent_total_elapsed_time` int NOT NULL,
  `recent_total_error_count` int NOT NULL,
  `recent_total_fail_count` int NOT NULL,
  `recent_total_line_cov_covered` int NOT NULL,
  `recent_total_line_cov_missed` int NOT NULL,
  `recent_total_run_count` int NOT NULL,
  `recent_total_skip_count` int NOT NULL,
  `reg_date` datetime DEFAULT NULL,
  `title` varchar(255) DEFAULT NULL,
  `project_id` bigint DEFAULT NULL,
  PRIMARY KEY (`id`),
  KEY `FK24xq4bnkxjlix83jiu99i1w5b` (`project_id`),
  CONSTRAINT `FK24xq4bnkxjlix83jiu99i1w5b` FOREIGN KEY (`project_id`) REFERENCES `project` (`id`)
) ENGINE=InnoDB DEFAULT CHARSET=utf8mb4 COLLATE=utf8mb4_0900_ai_ci;
/*!40101 SET character_set_client = @saved_cs_client */;

--
-- Dumping data for table `app`
--

LOCK TABLES `app` WRITE;
/*!40000 ALTER TABLE `app` DISABLE KEYS */;
INSERT INTO `app` VALUES ('1e91240c-32cc-4c30-9e0f-6151bc378ca6',NULL,'https://lab.ssafy.com/s04-final/s04p31a201.git','2021-05-20 15:13:14',0,218,108,0,0,68,633,6,0,'2021-05-20 05:59:03','TmiProject',18),('5bce3ade-5013-41e1-ac51-6cfaa1ac5ef4',NULL,'https://github.com/longnh214/jpetstore-6.git','2021-05-17 17:43:36',14,38,177,0,0,304,308,9,0,'2021-05-17 08:36:41','JPetStore Demo 6',1),('5ef1e175-f52b-416a-8c06-e9284d4b3ed5',NULL,'https://github.com/longnh214/spring-petclinic.git','2021-05-20 16:29:03',42,14,2369,0,0,222,16,39,1,'2021-05-20 04:40:20','petclinic',1),('75f0040c-4ac4-4f2c-8b31-3915c11b1bce',NULL,'https://github.com/longnh214/mongoDBTest.git','2021-05-20 13:17:40',0,6,651,0,0,29,32,6,0,'2021-05-20 04:12:46','mongodbtest',16);
/*!40000 ALTER TABLE `app` ENABLE KEYS */;
UNLOCK TABLES;

--
-- Table structure for table `coverage`
--

DROP TABLE IF EXISTS `coverage`;
/*!40101 SET @saved_cs_client     = @@character_set_client */;
/*!50503 SET character_set_client = utf8mb4 */;
CREATE TABLE `coverage` (
  `id` bigint NOT NULL AUTO_INCREMENT,
  `branch_cov_covered` int NOT NULL,
  `branch_cov_missed` int NOT NULL,
  `class_name` varchar(255) DEFAULT NULL,
  `group_name` varchar(255) DEFAULT NULL,
  `highlight_html` varchar(255) DEFAULT NULL,
  `line_cov_covered` int NOT NULL,
  `line_cov_missed` int NOT NULL,
  `package_name` varchar(255) DEFAULT NULL,
  `report_id` bigint DEFAULT NULL,
  PRIMARY KEY (`id`),
  KEY `FKt0kx4sc29maqx9jj6bj19e4wn` (`report_id`),
  CONSTRAINT `FKt0kx4sc29maqx9jj6bj19e4wn` FOREIGN KEY (`report_id`) REFERENCES `report` (`id`)
) ENGINE=InnoDB AUTO_INCREMENT=985 DEFAULT CHARSET=utf8mb4 COLLATE=utf8mb4_0900_ai_ci;
/*!40101 SET character_set_client = @saved_cs_client */;

--
-- Dumping data for table `coverage`
--

LOCK TABLES `coverage` WRITE;
/*!40000 ALTER TABLE `coverage` DISABLE KEYS */;
INSERT INTO `coverage` VALUES (73,0,0,'Account.java','JPetStore Demo 6','https://k4a201.p.ssafy.io/static/coverage/5bce3ade-5013-41e1-ac51-6cfaa1ac5ef4/2021-05-17_174336//org.mybatis.jpetstore.domain/Account.java.html',43,12,'org.mybatis.jpetstore.domain',7),(74,0,0,'Category.java','JPetStore Demo 6','https://k4a201.p.ssafy.io/static/coverage/5bce3ade-5013-41e1-ac51-6cfaa1ac5ef4/2021-05-17_174336//org.mybatis.jpetstore.domain/Category.java.html',1,10,'org.mybatis.jpetstore.domain',7),(75,0,0,'Sequence.java','JPetStore Demo 6','https://k4a201.p.ssafy.io/static/coverage/5bce3ade-5013-41e1-ac51-6cfaa1ac5ef4/2021-05-17_174336//org.mybatis.jpetstore.domain/Sequence.java.html',6,6,'org.mybatis.jpetstore.domain',7),(76,0,0,'CartItem.java','JPetStore Demo 6','https://k4a201.p.ssafy.io/static/coverage/5bce3ade-5013-41e1-ac51-6cfaa1ac5ef4/2021-05-17_174336//org.mybatis.jpetstore.domain/CartItem.java.html',19,0,'org.mybatis.jpetstore.domain',7),(77,2,0,'Order.java','JPetStore Demo 6','https://k4a201.p.ssafy.io/static/coverage/5bce3ade-5013-41e1-ac51-6cfaa1ac5ef4/2021-05-17_174336//org.mybatis.jpetstore.domain/Order.java.html',65,54,'org.mybatis.jpetstore.domain',7),(78,0,0,'Product.java','JPetStore Demo 6','https://k4a201.p.ssafy.io/static/coverage/5bce3ade-5013-41e1-ac51-6cfaa1ac5ef4/2021-05-17_174336//org.mybatis.jpetstore.domain/Product.java.html',1,13,'org.mybatis.jpetstore.domain',7),(79,4,0,'Cart.java','JPetStore Demo 6','https://k4a201.p.ssafy.io/static/coverage/5bce3ade-5013-41e1-ac51-6cfaa1ac5ef4/2021-05-17_174336//org.mybatis.jpetstore.domain/Cart.java.html',32,0,'org.mybatis.jpetstore.domain',7),(80,0,0,'Item.java','JPetStore Demo 6','https://k4a201.p.ssafy.io/static/coverage/5bce3ade-5013-41e1-ac51-6cfaa1ac5ef4/2021-05-17_174336//org.mybatis.jpetstore.domain/Item.java.html',10,28,'org.mybatis.jpetstore.domain',7),(81,0,0,'LineItem.java','JPetStore Demo 6','https://k4a201.p.ssafy.io/static/coverage/5bce3ade-5013-41e1-ac51-6cfaa1ac5ef4/2021-05-17_174336//org.mybatis.jpetstore.domain/LineItem.java.html',30,4,'org.mybatis.jpetstore.domain',7),(82,4,0,'CatalogService.java','JPetStore Demo 6','https://k4a201.p.ssafy.io/static/coverage/5bce3ade-5013-41e1-ac51-6cfaa1ac5ef4/2021-05-17_174336//org.mybatis.jpetstore.service/CatalogService.java.html',16,0,'org.mybatis.jpetstore.service',7),(83,2,0,'OrderService.java','JPetStore Demo 6','https://k4a201.p.ssafy.io/static/coverage/5bce3ade-5013-41e1-ac51-6cfaa1ac5ef4/2021-05-17_174336//org.mybatis.jpetstore.service/OrderService.java.html',37,0,'org.mybatis.jpetstore.service',7),(84,1,1,'AccountService.java','JPetStore Demo 6','https://k4a201.p.ssafy.io/static/coverage/5bce3ade-5013-41e1-ac51-6cfaa1ac5ef4/2021-05-17_174336//org.mybatis.jpetstore.service/AccountService.java.html',14,0,'org.mybatis.jpetstore.service',7),(85,0,0,'SequenceMapper.java','JPetStore Demo 6',NULL,0,0,'org.mybatis.jpetstore.mapper',7),(86,0,0,'OrderMapper.java','JPetStore Demo 6',NULL,0,0,'org.mybatis.jpetstore.mapper',7),(87,0,0,'CategoryMapper.java','JPetStore Demo 6',NULL,0,0,'org.mybatis.jpetstore.mapper',7),(88,0,0,'AccountMapper.java','JPetStore Demo 6',NULL,0,0,'org.mybatis.jpetstore.mapper',7),(89,0,0,'LineItemMapper.java','JPetStore Demo 6',NULL,0,0,'org.mybatis.jpetstore.mapper',7),(90,0,0,'ProductMapper.java','JPetStore Demo 6',NULL,0,0,'org.mybatis.jpetstore.mapper',7),(91,0,0,'ItemMapper.java','JPetStore Demo 6',NULL,0,0,'org.mybatis.jpetstore.mapper',7),(92,0,8,'CartActionBean.java','JPetStore Demo 6','https://k4a201.p.ssafy.io/static/coverage/5bce3ade-5013-41e1-ac51-6cfaa1ac5ef4/2021-05-17_174336//org.mybatis.jpetstore.web.actions/CartActionBean.java.html',0,36,'org.mybatis.jpetstore.web.actions',7),(93,0,0,'AbstractActionBean.java','JPetStore Demo 6','https://k4a201.p.ssafy.io/static/coverage/5bce3ade-5013-41e1-ac51-6cfaa1ac5ef4/2021-05-17_174336//org.mybatis.jpetstore.web.actions/AbstractActionBean.java.html',2,4,'org.mybatis.jpetstore.web.actions',7),(94,1,7,'AccountActionBean.java','JPetStore Demo 6','https://k4a201.p.ssafy.io/static/coverage/5bce3ade-5013-41e1-ac51-6cfaa1ac5ef4/2021-05-17_174336//org.mybatis.jpetstore.web.actions/AccountActionBean.java.html',10,39,'org.mybatis.jpetstore.web.actions',7),(95,0,14,'OrderActionBean.java','JPetStore Demo 6','https://k4a201.p.ssafy.io/static/coverage/5bce3ade-5013-41e1-ac51-6cfaa1ac5ef4/2021-05-17_174336//org.mybatis.jpetstore.web.actions/OrderActionBean.java.html',7,54,'org.mybatis.jpetstore.web.actions',7),(96,0,8,'CatalogActionBean.java','JPetStore Demo 6','https://k4a201.p.ssafy.io/static/coverage/5bce3ade-5013-41e1-ac51-6cfaa1ac5ef4/2021-05-17_174336//org.mybatis.jpetstore.web.actions/CatalogActionBean.java.html',11,48,'org.mybatis.jpetstore.web.actions',7),(524,0,0,'MongodbtestApplication.java','mongodbtest','https://k4a201.p.ssafy.io/static/coverage/75f0040c-4ac4-4f2c-8b31-3915c11b1bce/2021-05-20_131506//com.example.test/MongodbtestApplication.java.html',1,2,'com.example.test',24),(525,0,6,'CustomerController.java','mongodbtest','https://k4a201.p.ssafy.io/static/coverage/75f0040c-4ac4-4f2c-8b31-3915c11b1bce/2021-05-20_131506//com.example.test.controller/CustomerController.java.html',1,25,'com.example.test.controller',24),(526,0,0,'SwaggerConfig.java','mongodbtest','https://k4a201.p.ssafy.io/static/coverage/75f0040c-4ac4-4f2c-8b31-3915c11b1bce/2021-05-20_131506//com.example.test.swagger/SwaggerConfig.java.html',13,0,'com.example.test.swagger',24),(527,0,0,'Customer.java','mongodbtest','https://k4a201.p.ssafy.io/static/coverage/75f0040c-4ac4-4f2c-8b31-3915c11b1bce/2021-05-20_131506//com.example.test.model/Customer.java.html',0,15,'com.example.test.model',24),(528,0,0,'MongoConfig.java','mongodbtest','https://k4a201.p.ssafy.io/static/coverage/75f0040c-4ac4-4f2c-8b31-3915c11b1bce/2021-05-20_131506//com.example.test.config/MongoConfig.java.html',4,0,'com.example.test.config',24),(529,0,0,'CustomerRepository.java','mongodbtest',NULL,0,0,'com.example.test.repository',24),(530,0,0,'MongodbtestApplication.java','mongodbtest','https://k4a201.p.ssafy.io/static/coverage/75f0040c-4ac4-4f2c-8b31-3915c11b1bce/2021-05-20_131740//com.example.test/MongodbtestApplication.java.html',1,2,'com.example.test',25),(531,0,6,'CustomerController.java','mongodbtest','https://k4a201.p.ssafy.io/static/coverage/75f0040c-4ac4-4f2c-8b31-3915c11b1bce/2021-05-20_131740//com.example.test.controller/CustomerController.java.html',2,24,'com.example.test.controller',25),(532,0,0,'SwaggerConfig.java','mongodbtest','https://k4a201.p.ssafy.io/static/coverage/75f0040c-4ac4-4f2c-8b31-3915c11b1bce/2021-05-20_131740//com.example.test.swagger/SwaggerConfig.java.html',13,0,'com.example.test.swagger',25),(533,0,0,'Customer.java','mongodbtest','https://k4a201.p.ssafy.io/static/coverage/75f0040c-4ac4-4f2c-8b31-3915c11b1bce/2021-05-20_131740//com.example.test.model/Customer.java.html',9,6,'com.example.test.model',25),(534,0,0,'MongoConfig.java','mongodbtest','https://k4a201.p.ssafy.io/static/coverage/75f0040c-4ac4-4f2c-8b31-3915c11b1bce/2021-05-20_131740//com.example.test.config/MongoConfig.java.html',4,0,'com.example.test.config',25),(535,0,0,'CustomerRepository.java','mongodbtest',NULL,0,0,'com.example.test.repository',25),(536,0,0,'PetClinicApplication.java','petclinic','https://k4a201.p.ssafy.io/static/coverage/5ef1e175-f52b-416a-8c06-e9284d4b3ed5/2021-05-20_134301//org.springframework.samples.petclinic/PetClinicApplication.java.html',1,2,'org.springframework.samples.petclinic',26),(537,2,0,'BaseEntity.java','petclinic','https://k4a201.p.ssafy.io/static/coverage/5ef1e175-f52b-416a-8c06-e9284d4b3ed5/2021-05-20_134301//org.springframework.samples.petclinic.model/BaseEntity.java.html',5,0,'org.springframework.samples.petclinic.model',26),(538,0,0,'NamedEntity.java','petclinic','https://k4a201.p.ssafy.io/static/coverage/5ef1e175-f52b-416a-8c06-e9284d4b3ed5/2021-05-20_134301//org.springframework.samples.petclinic.model/NamedEntity.java.html',5,0,'org.springframework.samples.petclinic.model',26),(539,0,0,'Person.java','petclinic','https://k4a201.p.ssafy.io/static/coverage/5ef1e175-f52b-416a-8c06-e9284d4b3ed5/2021-05-20_134301//org.springframework.samples.petclinic.model/Person.java.html',7,0,'org.springframework.samples.petclinic.model',26),(540,2,0,'Vet.java','petclinic','https://k4a201.p.ssafy.io/static/coverage/5ef1e175-f52b-416a-8c06-e9284d4b3ed5/2021-05-20_134301//org.springframework.samples.petclinic.vet/Vet.java.html',10,2,'org.springframework.samples.petclinic.vet',26),(541,2,0,'Vets.java','petclinic','https://k4a201.p.ssafy.io/static/coverage/5ef1e175-f52b-416a-8c06-e9284d4b3ed5/2021-05-20_134301//org.springframework.samples.petclinic.vet/Vets.java.html',4,0,'org.springframework.samples.petclinic.vet',26),(542,0,0,'Specialty.java','petclinic','https://k4a201.p.ssafy.io/static/coverage/5ef1e175-f52b-416a-8c06-e9284d4b3ed5/2021-05-20_134301//org.springframework.samples.petclinic.vet/Specialty.java.html',1,0,'org.springframework.samples.petclinic.vet',26),(543,0,0,'VetController.java','petclinic','https://k4a201.p.ssafy.io/static/coverage/5ef1e175-f52b-416a-8c06-e9284d4b3ed5/2021-05-20_134301//org.springframework.samples.petclinic.vet/VetController.java.html',10,0,'org.springframework.samples.petclinic.vet',26),(544,0,0,'VetRepository.java','petclinic',NULL,0,0,'org.springframework.samples.petclinic.vet',26),(545,0,0,'Visit.java','petclinic','https://k4a201.p.ssafy.io/static/coverage/5ef1e175-f52b-416a-8c06-e9284d4b3ed5/2021-05-20_134301//org.springframework.samples.petclinic.visit/Visit.java.html',12,0,'org.springframework.samples.petclinic.visit',26),(546,0,0,'VisitRepository.java','petclinic',NULL,0,0,'org.springframework.samples.petclinic.visit',26),(547,1,1,'Pet.java','petclinic','https://k4a201.p.ssafy.io/static/coverage/5ef1e175-f52b-416a-8c06-e9284d4b3ed5/2021-05-20_134301//org.springframework.samples.petclinic.owner/Pet.java.html',21,1,'org.springframework.samples.petclinic.owner',26),(548,7,3,'PetController.java','petclinic','https://k4a201.p.ssafy.io/static/coverage/5ef1e175-f52b-416a-8c06-e9284d4b3ed5/2021-05-20_134301//org.springframework.samples.petclinic.owner/PetController.java.html',31,1,'org.springframework.samples.petclinic.owner',26),(549,4,8,'Owner.java','petclinic','https://k4a201.p.ssafy.io/static/coverage/5ef1e175-f52b-416a-8c06-e9284d4b3ed5/2021-05-20_134301//org.springframework.samples.petclinic.owner/Owner.java.html',29,7,'org.springframework.samples.petclinic.owner',26),(550,0,0,'PetRepository.java','petclinic',NULL,0,0,'org.springframework.samples.petclinic.owner',26),(551,12,0,'OwnerController.java','petclinic','https://k4a201.p.ssafy.io/static/coverage/5ef1e175-f52b-416a-8c06-e9284d4b3ed5/2021-05-20_134301//org.springframework.samples.petclinic.owner/OwnerController.java.html',41,0,'org.springframework.samples.petclinic.owner',26),(552,4,0,'PetTypeFormatter.java','petclinic','https://k4a201.p.ssafy.io/static/coverage/5ef1e175-f52b-416a-8c06-e9284d4b3ed5/2021-05-20_134301//org.springframework.samples.petclinic.owner/PetTypeFormatter.java.html',10,0,'org.springframework.samples.petclinic.owner',26),(553,0,0,'PetType.java','petclinic','https://k4a201.p.ssafy.io/static/coverage/5ef1e175-f52b-416a-8c06-e9284d4b3ed5/2021-05-20_134301//org.springframework.samples.petclinic.owner/PetType.java.html',1,0,'org.springframework.samples.petclinic.owner',26),(554,2,0,'VisitController.java','petclinic','https://k4a201.p.ssafy.io/static/coverage/5ef1e175-f52b-416a-8c06-e9284d4b3ed5/2021-05-20_134301//org.springframework.samples.petclinic.owner/VisitController.java.html',17,0,'org.springframework.samples.petclinic.owner',26),(555,0,0,'OwnerRepository.java','petclinic',NULL,0,0,'org.springframework.samples.petclinic.owner',26),(556,6,2,'PetValidator.java','petclinic','https://k4a201.p.ssafy.io/static/coverage/5ef1e175-f52b-416a-8c06-e9284d4b3ed5/2021-05-20_134301//org.springframework.samples.petclinic.owner/PetValidator.java.html',10,1,'org.springframework.samples.petclinic.owner',26),(557,0,0,'CrashController.java','petclinic','https://k4a201.p.ssafy.io/static/coverage/5ef1e175-f52b-416a-8c06-e9284d4b3ed5/2021-05-20_134301//org.springframework.samples.petclinic.system/CrashController.java.html',1,1,'org.springframework.samples.petclinic.system',26),(558,0,0,'CacheConfiguration.java','petclinic','https://k4a201.p.ssafy.io/static/coverage/5ef1e175-f52b-416a-8c06-e9284d4b3ed5/2021-05-20_134301//org.springframework.samples.petclinic.system/CacheConfiguration.java.html',5,0,'org.springframework.samples.petclinic.system',26),(559,0,0,'WelcomeController.java','petclinic','https://k4a201.p.ssafy.io/static/coverage/5ef1e175-f52b-416a-8c06-e9284d4b3ed5/2021-05-20_134301//org.springframework.samples.petclinic.system/WelcomeController.java.html',1,1,'org.springframework.samples.petclinic.system',26),(560,0,0,'PetClinicApplication.java','petclinic','https://k4a201.p.ssafy.io/static/coverage/5ef1e175-f52b-416a-8c06-e9284d4b3ed5/2021-05-20_134433//org.springframework.samples.petclinic/PetClinicApplication.java.html',1,2,'org.springframework.samples.petclinic',27),(561,2,0,'BaseEntity.java','petclinic','https://k4a201.p.ssafy.io/static/coverage/5ef1e175-f52b-416a-8c06-e9284d4b3ed5/2021-05-20_134433//org.springframework.samples.petclinic.model/BaseEntity.java.html',5,0,'org.springframework.samples.petclinic.model',27),(562,0,0,'NamedEntity.java','petclinic','https://k4a201.p.ssafy.io/static/coverage/5ef1e175-f52b-416a-8c06-e9284d4b3ed5/2021-05-20_134433//org.springframework.samples.petclinic.model/NamedEntity.java.html',5,0,'org.springframework.samples.petclinic.model',27),(563,0,0,'Person.java','petclinic','https://k4a201.p.ssafy.io/static/coverage/5ef1e175-f52b-416a-8c06-e9284d4b3ed5/2021-05-20_134433//org.springframework.samples.petclinic.model/Person.java.html',7,0,'org.springframework.samples.petclinic.model',27),(564,2,0,'Vet.java','petclinic','https://k4a201.p.ssafy.io/static/coverage/5ef1e175-f52b-416a-8c06-e9284d4b3ed5/2021-05-20_134433//org.springframework.samples.petclinic.vet/Vet.java.html',10,2,'org.springframework.samples.petclinic.vet',27),(565,2,0,'Vets.java','petclinic','https://k4a201.p.ssafy.io/static/coverage/5ef1e175-f52b-416a-8c06-e9284d4b3ed5/2021-05-20_134433//org.springframework.samples.petclinic.vet/Vets.java.html',4,0,'org.springframework.samples.petclinic.vet',27),(566,0,0,'Specialty.java','petclinic','https://k4a201.p.ssafy.io/static/coverage/5ef1e175-f52b-416a-8c06-e9284d4b3ed5/2021-05-20_134433//org.springframework.samples.petclinic.vet/Specialty.java.html',1,0,'org.springframework.samples.petclinic.vet',27),(567,0,0,'VetController.java','petclinic','https://k4a201.p.ssafy.io/static/coverage/5ef1e175-f52b-416a-8c06-e9284d4b3ed5/2021-05-20_134433//org.springframework.samples.petclinic.vet/VetController.java.html',10,0,'org.springframework.samples.petclinic.vet',27),(568,0,0,'VetRepository.java','petclinic',NULL,0,0,'org.springframework.samples.petclinic.vet',27),(569,0,0,'Visit.java','petclinic','https://k4a201.p.ssafy.io/static/coverage/5ef1e175-f52b-416a-8c06-e9284d4b3ed5/2021-05-20_134433//org.springframework.samples.petclinic.visit/Visit.java.html',12,0,'org.springframework.samples.petclinic.visit',27),(570,0,0,'VisitRepository.java','petclinic',NULL,0,0,'org.springframework.samples.petclinic.visit',27),(571,1,1,'Pet.java','petclinic','https://k4a201.p.ssafy.io/static/coverage/5ef1e175-f52b-416a-8c06-e9284d4b3ed5/2021-05-20_134433//org.springframework.samples.petclinic.owner/Pet.java.html',21,1,'org.springframework.samples.petclinic.owner',27),(572,7,3,'PetController.java','petclinic','https://k4a201.p.ssafy.io/static/coverage/5ef1e175-f52b-416a-8c06-e9284d4b3ed5/2021-05-20_134433//org.springframework.samples.petclinic.owner/PetController.java.html',31,1,'org.springframework.samples.petclinic.owner',27),(573,4,8,'Owner.java','petclinic','https://k4a201.p.ssafy.io/static/coverage/5ef1e175-f52b-416a-8c06-e9284d4b3ed5/2021-05-20_134433//org.springframework.samples.petclinic.owner/Owner.java.html',29,7,'org.springframework.samples.petclinic.owner',27),(574,0,0,'PetRepository.java','petclinic',NULL,0,0,'org.springframework.samples.petclinic.owner',27),(575,12,0,'OwnerController.java','petclinic','https://k4a201.p.ssafy.io/static/coverage/5ef1e175-f52b-416a-8c06-e9284d4b3ed5/2021-05-20_134433//org.springframework.samples.petclinic.owner/OwnerController.java.html',41,0,'org.springframework.samples.petclinic.owner',27),(576,4,0,'PetTypeFormatter.java','petclinic','https://k4a201.p.ssafy.io/static/coverage/5ef1e175-f52b-416a-8c06-e9284d4b3ed5/2021-05-20_134433//org.springframework.samples.petclinic.owner/PetTypeFormatter.java.html',10,0,'org.springframework.samples.petclinic.owner',27),(577,0,0,'PetType.java','petclinic','https://k4a201.p.ssafy.io/static/coverage/5ef1e175-f52b-416a-8c06-e9284d4b3ed5/2021-05-20_134433//org.springframework.samples.petclinic.owner/PetType.java.html',1,0,'org.springframework.samples.petclinic.owner',27),(578,2,0,'VisitController.java','petclinic','https://k4a201.p.ssafy.io/static/coverage/5ef1e175-f52b-416a-8c06-e9284d4b3ed5/2021-05-20_134433//org.springframework.samples.petclinic.owner/VisitController.java.html',17,0,'org.springframework.samples.petclinic.owner',27),(579,0,0,'OwnerRepository.java','petclinic',NULL,0,0,'org.springframework.samples.petclinic.owner',27),(580,6,2,'PetValidator.java','petclinic','https://k4a201.p.ssafy.io/static/coverage/5ef1e175-f52b-416a-8c06-e9284d4b3ed5/2021-05-20_134433//org.springframework.samples.petclinic.owner/PetValidator.java.html',10,1,'org.springframework.samples.petclinic.owner',27),(581,0,0,'CrashController.java','petclinic','https://k4a201.p.ssafy.io/static/coverage/5ef1e175-f52b-416a-8c06-e9284d4b3ed5/2021-05-20_134433//org.springframework.samples.petclinic.system/CrashController.java.html',1,1,'org.springframework.samples.petclinic.system',27),(582,0,0,'CacheConfiguration.java','petclinic','https://k4a201.p.ssafy.io/static/coverage/5ef1e175-f52b-416a-8c06-e9284d4b3ed5/2021-05-20_134433//org.springframework.samples.petclinic.system/CacheConfiguration.java.html',5,0,'org.springframework.samples.petclinic.system',27),(583,0,0,'WelcomeController.java','petclinic','https://k4a201.p.ssafy.io/static/coverage/5ef1e175-f52b-416a-8c06-e9284d4b3ed5/2021-05-20_134433//org.springframework.samples.petclinic.system/WelcomeController.java.html',1,1,'org.springframework.samples.petclinic.system',27),(584,0,0,'PetClinicApplication.java','petclinic','https://k4a201.p.ssafy.io/static/coverage/5ef1e175-f52b-416a-8c06-e9284d4b3ed5/2021-05-20_134532//org.springframework.samples.petclinic/PetClinicApplication.java.html',1,2,'org.springframework.samples.petclinic',28),(585,2,0,'BaseEntity.java','petclinic','https://k4a201.p.ssafy.io/static/coverage/5ef1e175-f52b-416a-8c06-e9284d4b3ed5/2021-05-20_134532//org.springframework.samples.petclinic.model/BaseEntity.java.html',5,0,'org.springframework.samples.petclinic.model',28),(586,0,0,'NamedEntity.java','petclinic','https://k4a201.p.ssafy.io/static/coverage/5ef1e175-f52b-416a-8c06-e9284d4b3ed5/2021-05-20_134532//org.springframework.samples.petclinic.model/NamedEntity.java.html',5,0,'org.springframework.samples.petclinic.model',28),(587,0,0,'Person.java','petclinic','https://k4a201.p.ssafy.io/static/coverage/5ef1e175-f52b-416a-8c06-e9284d4b3ed5/2021-05-20_134532//org.springframework.samples.petclinic.model/Person.java.html',7,0,'org.springframework.samples.petclinic.model',28),(588,2,0,'Vet.java','petclinic','https://k4a201.p.ssafy.io/static/coverage/5ef1e175-f52b-416a-8c06-e9284d4b3ed5/2021-05-20_134532//org.springframework.samples.petclinic.vet/Vet.java.html',10,2,'org.springframework.samples.petclinic.vet',28),(589,2,0,'Vets.java','petclinic','https://k4a201.p.ssafy.io/static/coverage/5ef1e175-f52b-416a-8c06-e9284d4b3ed5/2021-05-20_134532//org.springframework.samples.petclinic.vet/Vets.java.html',4,0,'org.springframework.samples.petclinic.vet',28),(590,0,0,'Specialty.java','petclinic','https://k4a201.p.ssafy.io/static/coverage/5ef1e175-f52b-416a-8c06-e9284d4b3ed5/2021-05-20_134532//org.springframework.samples.petclinic.vet/Specialty.java.html',1,0,'org.springframework.samples.petclinic.vet',28),(591,0,0,'VetController.java','petclinic','https://k4a201.p.ssafy.io/static/coverage/5ef1e175-f52b-416a-8c06-e9284d4b3ed5/2021-05-20_134532//org.springframework.samples.petclinic.vet/VetController.java.html',10,0,'org.springframework.samples.petclinic.vet',28),(592,0,0,'VetRepository.java','petclinic',NULL,0,0,'org.springframework.samples.petclinic.vet',28),(593,0,0,'Visit.java','petclinic','https://k4a201.p.ssafy.io/static/coverage/5ef1e175-f52b-416a-8c06-e9284d4b3ed5/2021-05-20_134532//org.springframework.samples.petclinic.visit/Visit.java.html',12,0,'org.springframework.samples.petclinic.visit',28),(594,0,0,'VisitRepository.java','petclinic',NULL,0,0,'org.springframework.samples.petclinic.visit',28),(595,1,1,'Pet.java','petclinic','https://k4a201.p.ssafy.io/static/coverage/5ef1e175-f52b-416a-8c06-e9284d4b3ed5/2021-05-20_134532//org.springframework.samples.petclinic.owner/Pet.java.html',21,1,'org.springframework.samples.petclinic.owner',28),(596,7,3,'PetController.java','petclinic','https://k4a201.p.ssafy.io/static/coverage/5ef1e175-f52b-416a-8c06-e9284d4b3ed5/2021-05-20_134532//org.springframework.samples.petclinic.owner/PetController.java.html',31,1,'org.springframework.samples.petclinic.owner',28),(597,4,8,'Owner.java','petclinic','https://k4a201.p.ssafy.io/static/coverage/5ef1e175-f52b-416a-8c06-e9284d4b3ed5/2021-05-20_134532//org.springframework.samples.petclinic.owner/Owner.java.html',29,7,'org.springframework.samples.petclinic.owner',28),(598,0,0,'PetRepository.java','petclinic',NULL,0,0,'org.springframework.samples.petclinic.owner',28),(599,12,0,'OwnerController.java','petclinic','https://k4a201.p.ssafy.io/static/coverage/5ef1e175-f52b-416a-8c06-e9284d4b3ed5/2021-05-20_134532//org.springframework.samples.petclinic.owner/OwnerController.java.html',41,0,'org.springframework.samples.petclinic.owner',28),(600,4,0,'PetTypeFormatter.java','petclinic','https://k4a201.p.ssafy.io/static/coverage/5ef1e175-f52b-416a-8c06-e9284d4b3ed5/2021-05-20_134532//org.springframework.samples.petclinic.owner/PetTypeFormatter.java.html',10,0,'org.springframework.samples.petclinic.owner',28),(601,0,0,'PetType.java','petclinic','https://k4a201.p.ssafy.io/static/coverage/5ef1e175-f52b-416a-8c06-e9284d4b3ed5/2021-05-20_134532//org.springframework.samples.petclinic.owner/PetType.java.html',1,0,'org.springframework.samples.petclinic.owner',28),(602,2,0,'VisitController.java','petclinic','https://k4a201.p.ssafy.io/static/coverage/5ef1e175-f52b-416a-8c06-e9284d4b3ed5/2021-05-20_134532//org.springframework.samples.petclinic.owner/VisitController.java.html',17,0,'org.springframework.samples.petclinic.owner',28),(603,0,0,'OwnerRepository.java','petclinic',NULL,0,0,'org.springframework.samples.petclinic.owner',28),(604,6,2,'PetValidator.java','petclinic','https://k4a201.p.ssafy.io/static/coverage/5ef1e175-f52b-416a-8c06-e9284d4b3ed5/2021-05-20_134532//org.springframework.samples.petclinic.owner/PetValidator.java.html',10,1,'org.springframework.samples.petclinic.owner',28),(605,0,0,'CrashController.java','petclinic','https://k4a201.p.ssafy.io/static/coverage/5ef1e175-f52b-416a-8c06-e9284d4b3ed5/2021-05-20_134532//org.springframework.samples.petclinic.system/CrashController.java.html',1,1,'org.springframework.samples.petclinic.system',28),(606,0,0,'CacheConfiguration.java','petclinic','https://k4a201.p.ssafy.io/static/coverage/5ef1e175-f52b-416a-8c06-e9284d4b3ed5/2021-05-20_134532//org.springframework.samples.petclinic.system/CacheConfiguration.java.html',5,0,'org.springframework.samples.petclinic.system',28),(607,0,0,'WelcomeController.java','petclinic','https://k4a201.p.ssafy.io/static/coverage/5ef1e175-f52b-416a-8c06-e9284d4b3ed5/2021-05-20_134532//org.springframework.samples.petclinic.system/WelcomeController.java.html',1,1,'org.springframework.samples.petclinic.system',28),(608,0,0,'PetClinicApplication.java','petclinic','https://k4a201.p.ssafy.io/static/coverage/5ef1e175-f52b-416a-8c06-e9284d4b3ed5/2021-05-20_134643//org.springframework.samples.petclinic/PetClinicApplication.java.html',1,2,'org.springframework.samples.petclinic',29),(609,2,0,'BaseEntity.java','petclinic','https://k4a201.p.ssafy.io/static/coverage/5ef1e175-f52b-416a-8c06-e9284d4b3ed5/2021-05-20_134643//org.springframework.samples.petclinic.model/BaseEntity.java.html',5,0,'org.springframework.samples.petclinic.model',29),(610,0,0,'NamedEntity.java','petclinic','https://k4a201.p.ssafy.io/static/coverage/5ef1e175-f52b-416a-8c06-e9284d4b3ed5/2021-05-20_134643//org.springframework.samples.petclinic.model/NamedEntity.java.html',5,0,'org.springframework.samples.petclinic.model',29),(611,0,0,'Person.java','petclinic','https://k4a201.p.ssafy.io/static/coverage/5ef1e175-f52b-416a-8c06-e9284d4b3ed5/2021-05-20_134643//org.springframework.samples.petclinic.model/Person.java.html',7,0,'org.springframework.samples.petclinic.model',29),(612,2,0,'Vet.java','petclinic','https://k4a201.p.ssafy.io/static/coverage/5ef1e175-f52b-416a-8c06-e9284d4b3ed5/2021-05-20_134643//org.springframework.samples.petclinic.vet/Vet.java.html',10,2,'org.springframework.samples.petclinic.vet',29),(613,2,0,'Vets.java','petclinic','https://k4a201.p.ssafy.io/static/coverage/5ef1e175-f52b-416a-8c06-e9284d4b3ed5/2021-05-20_134643//org.springframework.samples.petclinic.vet/Vets.java.html',4,0,'org.springframework.samples.petclinic.vet',29),(614,0,0,'Specialty.java','petclinic','https://k4a201.p.ssafy.io/static/coverage/5ef1e175-f52b-416a-8c06-e9284d4b3ed5/2021-05-20_134643//org.springframework.samples.petclinic.vet/Specialty.java.html',1,0,'org.springframework.samples.petclinic.vet',29),(615,0,0,'VetController.java','petclinic','https://k4a201.p.ssafy.io/static/coverage/5ef1e175-f52b-416a-8c06-e9284d4b3ed5/2021-05-20_134643//org.springframework.samples.petclinic.vet/VetController.java.html',10,0,'org.springframework.samples.petclinic.vet',29),(616,0,0,'VetRepository.java','petclinic',NULL,0,0,'org.springframework.samples.petclinic.vet',29),(617,0,0,'Visit.java','petclinic','https://k4a201.p.ssafy.io/static/coverage/5ef1e175-f52b-416a-8c06-e9284d4b3ed5/2021-05-20_134643//org.springframework.samples.petclinic.visit/Visit.java.html',12,0,'org.springframework.samples.petclinic.visit',29),(618,0,0,'VisitRepository.java','petclinic',NULL,0,0,'org.springframework.samples.petclinic.visit',29),(619,1,1,'Pet.java','petclinic','https://k4a201.p.ssafy.io/static/coverage/5ef1e175-f52b-416a-8c06-e9284d4b3ed5/2021-05-20_134643//org.springframework.samples.petclinic.owner/Pet.java.html',21,1,'org.springframework.samples.petclinic.owner',29),(620,7,3,'PetController.java','petclinic','https://k4a201.p.ssafy.io/static/coverage/5ef1e175-f52b-416a-8c06-e9284d4b3ed5/2021-05-20_134643//org.springframework.samples.petclinic.owner/PetController.java.html',31,1,'org.springframework.samples.petclinic.owner',29),(621,4,8,'Owner.java','petclinic','https://k4a201.p.ssafy.io/static/coverage/5ef1e175-f52b-416a-8c06-e9284d4b3ed5/2021-05-20_134643//org.springframework.samples.petclinic.owner/Owner.java.html',29,7,'org.springframework.samples.petclinic.owner',29),(622,0,0,'PetRepository.java','petclinic',NULL,0,0,'org.springframework.samples.petclinic.owner',29),(623,12,0,'OwnerController.java','petclinic','https://k4a201.p.ssafy.io/static/coverage/5ef1e175-f52b-416a-8c06-e9284d4b3ed5/2021-05-20_134643//org.springframework.samples.petclinic.owner/OwnerController.java.html',41,0,'org.springframework.samples.petclinic.owner',29),(624,4,0,'PetTypeFormatter.java','petclinic','https://k4a201.p.ssafy.io/static/coverage/5ef1e175-f52b-416a-8c06-e9284d4b3ed5/2021-05-20_134643//org.springframework.samples.petclinic.owner/PetTypeFormatter.java.html',10,0,'org.springframework.samples.petclinic.owner',29),(625,0,0,'PetType.java','petclinic','https://k4a201.p.ssafy.io/static/coverage/5ef1e175-f52b-416a-8c06-e9284d4b3ed5/2021-05-20_134643//org.springframework.samples.petclinic.owner/PetType.java.html',1,0,'org.springframework.samples.petclinic.owner',29),(626,2,0,'VisitController.java','petclinic','https://k4a201.p.ssafy.io/static/coverage/5ef1e175-f52b-416a-8c06-e9284d4b3ed5/2021-05-20_134643//org.springframework.samples.petclinic.owner/VisitController.java.html',17,0,'org.springframework.samples.petclinic.owner',29),(627,0,0,'OwnerRepository.java','petclinic',NULL,0,0,'org.springframework.samples.petclinic.owner',29),(628,6,2,'PetValidator.java','petclinic','https://k4a201.p.ssafy.io/static/coverage/5ef1e175-f52b-416a-8c06-e9284d4b3ed5/2021-05-20_134643//org.springframework.samples.petclinic.owner/PetValidator.java.html',10,1,'org.springframework.samples.petclinic.owner',29),(629,0,0,'CrashController.java','petclinic','https://k4a201.p.ssafy.io/static/coverage/5ef1e175-f52b-416a-8c06-e9284d4b3ed5/2021-05-20_134643//org.springframework.samples.petclinic.system/CrashController.java.html',1,1,'org.springframework.samples.petclinic.system',29),(630,0,0,'CacheConfiguration.java','petclinic','https://k4a201.p.ssafy.io/static/coverage/5ef1e175-f52b-416a-8c06-e9284d4b3ed5/2021-05-20_134643//org.springframework.samples.petclinic.system/CacheConfiguration.java.html',5,0,'org.springframework.samples.petclinic.system',29),(631,0,0,'WelcomeController.java','petclinic','https://k4a201.p.ssafy.io/static/coverage/5ef1e175-f52b-416a-8c06-e9284d4b3ed5/2021-05-20_134643//org.springframework.samples.petclinic.system/WelcomeController.java.html',1,1,'org.springframework.samples.petclinic.system',29),(632,0,0,'PetClinicApplication.java','petclinic','https://k4a201.p.ssafy.io/static/coverage/5ef1e175-f52b-416a-8c06-e9284d4b3ed5/2021-05-20_143016//org.springframework.samples.petclinic/PetClinicApplication.java.html',1,2,'org.springframework.samples.petclinic',30),(633,2,0,'BaseEntity.java','petclinic','https://k4a201.p.ssafy.io/static/coverage/5ef1e175-f52b-416a-8c06-e9284d4b3ed5/2021-05-20_143016//org.springframework.samples.petclinic.model/BaseEntity.java.html',5,0,'org.springframework.samples.petclinic.model',30),(634,0,0,'NamedEntity.java','petclinic','https://k4a201.p.ssafy.io/static/coverage/5ef1e175-f52b-416a-8c06-e9284d4b3ed5/2021-05-20_143016//org.springframework.samples.petclinic.model/NamedEntity.java.html',5,0,'org.springframework.samples.petclinic.model',30),(635,0,0,'Person.java','petclinic','https://k4a201.p.ssafy.io/static/coverage/5ef1e175-f52b-416a-8c06-e9284d4b3ed5/2021-05-20_143016//org.springframework.samples.petclinic.model/Person.java.html',7,0,'org.springframework.samples.petclinic.model',30),(636,2,0,'Vet.java','petclinic','https://k4a201.p.ssafy.io/static/coverage/5ef1e175-f52b-416a-8c06-e9284d4b3ed5/2021-05-20_143016//org.springframework.samples.petclinic.vet/Vet.java.html',10,2,'org.springframework.samples.petclinic.vet',30),(637,2,0,'Vets.java','petclinic','https://k4a201.p.ssafy.io/static/coverage/5ef1e175-f52b-416a-8c06-e9284d4b3ed5/2021-05-20_143016//org.springframework.samples.petclinic.vet/Vets.java.html',4,0,'org.springframework.samples.petclinic.vet',30),(638,0,0,'Specialty.java','petclinic','https://k4a201.p.ssafy.io/static/coverage/5ef1e175-f52b-416a-8c06-e9284d4b3ed5/2021-05-20_143016//org.springframework.samples.petclinic.vet/Specialty.java.html',1,0,'org.springframework.samples.petclinic.vet',30),(639,0,0,'VetController.java','petclinic','https://k4a201.p.ssafy.io/static/coverage/5ef1e175-f52b-416a-8c06-e9284d4b3ed5/2021-05-20_143016//org.springframework.samples.petclinic.vet/VetController.java.html',10,0,'org.springframework.samples.petclinic.vet',30),(640,0,0,'VetRepository.java','petclinic',NULL,0,0,'org.springframework.samples.petclinic.vet',30),(641,0,0,'Visit.java','petclinic','https://k4a201.p.ssafy.io/static/coverage/5ef1e175-f52b-416a-8c06-e9284d4b3ed5/2021-05-20_143016//org.springframework.samples.petclinic.visit/Visit.java.html',12,0,'org.springframework.samples.petclinic.visit',30),(642,0,0,'VisitRepository.java','petclinic',NULL,0,0,'org.springframework.samples.petclinic.visit',30),(643,1,1,'Pet.java','petclinic','https://k4a201.p.ssafy.io/static/coverage/5ef1e175-f52b-416a-8c06-e9284d4b3ed5/2021-05-20_143016//org.springframework.samples.petclinic.owner/Pet.java.html',21,1,'org.springframework.samples.petclinic.owner',30),(644,7,3,'PetController.java','petclinic','https://k4a201.p.ssafy.io/static/coverage/5ef1e175-f52b-416a-8c06-e9284d4b3ed5/2021-05-20_143016//org.springframework.samples.petclinic.owner/PetController.java.html',31,1,'org.springframework.samples.petclinic.owner',30),(645,4,8,'Owner.java','petclinic','https://k4a201.p.ssafy.io/static/coverage/5ef1e175-f52b-416a-8c06-e9284d4b3ed5/2021-05-20_143016//org.springframework.samples.petclinic.owner/Owner.java.html',29,7,'org.springframework.samples.petclinic.owner',30),(646,0,0,'PetRepository.java','petclinic',NULL,0,0,'org.springframework.samples.petclinic.owner',30),(647,12,0,'OwnerController.java','petclinic','https://k4a201.p.ssafy.io/static/coverage/5ef1e175-f52b-416a-8c06-e9284d4b3ed5/2021-05-20_143016//org.springframework.samples.petclinic.owner/OwnerController.java.html',41,0,'org.springframework.samples.petclinic.owner',30),(648,4,0,'PetTypeFormatter.java','petclinic','https://k4a201.p.ssafy.io/static/coverage/5ef1e175-f52b-416a-8c06-e9284d4b3ed5/2021-05-20_143016//org.springframework.samples.petclinic.owner/PetTypeFormatter.java.html',10,0,'org.springframework.samples.petclinic.owner',30),(649,0,0,'PetType.java','petclinic','https://k4a201.p.ssafy.io/static/coverage/5ef1e175-f52b-416a-8c06-e9284d4b3ed5/2021-05-20_143016//org.springframework.samples.petclinic.owner/PetType.java.html',1,0,'org.springframework.samples.petclinic.owner',30),(650,2,0,'VisitController.java','petclinic','https://k4a201.p.ssafy.io/static/coverage/5ef1e175-f52b-416a-8c06-e9284d4b3ed5/2021-05-20_143016//org.springframework.samples.petclinic.owner/VisitController.java.html',17,0,'org.springframework.samples.petclinic.owner',30),(651,0,0,'OwnerRepository.java','petclinic',NULL,0,0,'org.springframework.samples.petclinic.owner',30),(652,6,2,'PetValidator.java','petclinic','https://k4a201.p.ssafy.io/static/coverage/5ef1e175-f52b-416a-8c06-e9284d4b3ed5/2021-05-20_143016//org.springframework.samples.petclinic.owner/PetValidator.java.html',10,1,'org.springframework.samples.petclinic.owner',30),(653,0,0,'CrashController.java','petclinic','https://k4a201.p.ssafy.io/static/coverage/5ef1e175-f52b-416a-8c06-e9284d4b3ed5/2021-05-20_143016//org.springframework.samples.petclinic.system/CrashController.java.html',1,1,'org.springframework.samples.petclinic.system',30),(654,0,0,'CacheConfiguration.java','petclinic','https://k4a201.p.ssafy.io/static/coverage/5ef1e175-f52b-416a-8c06-e9284d4b3ed5/2021-05-20_143016//org.springframework.samples.petclinic.system/CacheConfiguration.java.html',5,0,'org.springframework.samples.petclinic.system',30),(655,0,0,'WelcomeController.java','petclinic','https://k4a201.p.ssafy.io/static/coverage/5ef1e175-f52b-416a-8c06-e9284d4b3ed5/2021-05-20_143016//org.springframework.samples.petclinic.system/WelcomeController.java.html',1,1,'org.springframework.samples.petclinic.system',30),(656,0,0,'ReportPostDto.java','TmiProject','https://k4a201.p.ssafy.io/static/coverage/1e91240c-32cc-4c30-9e0f-6151bc378ca6/2021-05-20_151314//com.tmi.dto/ReportPostDto.java.html',0,13,'com.tmi.dto',31),(657,0,0,'CoveragePostDto.java','TmiProject','https://k4a201.p.ssafy.io/static/coverage/1e91240c-32cc-4c30-9e0f-6151bc378ca6/2021-05-20_151314//com.tmi.dto/CoveragePostDto.java.html',0,11,'com.tmi.dto',31),(658,0,0,'DeptRepository.java','TmiProject',NULL,0,0,'com.tmi.repository',31),(659,0,0,'UserRepository.java','TmiProject',NULL,0,0,'com.tmi.repository',31),(660,0,0,'ReportRepository.java','TmiProject',NULL,0,0,'com.tmi.repository',31),(661,0,0,'CoverageRepository.java','TmiProject',NULL,0,0,'com.tmi.repository',31),(662,0,0,'TestRepository.java','TmiProject',NULL,0,0,'com.tmi.repository',31),(663,0,0,'AppRepository.java','TmiProject',NULL,0,0,'com.tmi.repository',31),(664,0,0,'ProjectRepository.java','TmiProject',NULL,0,0,'com.tmi.repository',31),(665,0,10,'CoverageFileController.java','TmiProject','https://k4a201.p.ssafy.io/static/coverage/1e91240c-32cc-4c30-9e0f-6151bc378ca6/2021-05-20_151314//com.tmi.controller.file/CoverageFileController.java.html',1,35,'com.tmi.controller.file',31),(666,0,0,'JarFileController.java','TmiProject','https://k4a201.p.ssafy.io/static/coverage/1e91240c-32cc-4c30-9e0f-6151bc378ca6/2021-05-20_151314//com.tmi.controller.file/JarFileController.java.html',1,7,'com.tmi.controller.file',31),(667,0,0,'NotificationManager.java','TmiProject','https://k4a201.p.ssafy.io/static/coverage/1e91240c-32cc-4c30-9e0f-6151bc378ca6/2021-05-20_151314//com.tmi.mattermost/NotificationManager.java.html',2,3,'com.tmi.mattermost',31),(668,0,0,'MattermostProperties.java','TmiProject','https://k4a201.p.ssafy.io/static/coverage/1e91240c-32cc-4c30-9e0f-6151bc378ca6/2021-05-20_151314//com.tmi.mattermost/MattermostProperties.java.html',5,5,'com.tmi.mattermost',31),(669,0,2,'MattermostSender.java','TmiProject','https://k4a201.p.ssafy.io/static/coverage/1e91240c-32cc-4c30-9e0f-6151bc378ca6/2021-05-20_151314//com.tmi.mattermost/MattermostSender.java.html',3,24,'com.tmi.mattermost',31),(670,0,0,'MattermostMessageDTO.java','TmiProject','https://k4a201.p.ssafy.io/static/coverage/1e91240c-32cc-4c30-9e0f-6151bc378ca6/2021-05-20_151314//com.tmi.mattermost/MattermostMessageDTO.java.html',0,52,'com.tmi.mattermost',31),(671,0,0,'TmiProjectApplication.java','TmiProject','https://k4a201.p.ssafy.io/static/coverage/1e91240c-32cc-4c30-9e0f-6151bc378ca6/2021-05-20_151314//com.tmi/TmiProjectApplication.java.html',1,2,'com.tmi',31),(672,0,0,'MongoConfig.java','TmiProject','https://k4a201.p.ssafy.io/static/coverage/1e91240c-32cc-4c30-9e0f-6151bc378ca6/2021-05-20_151314//com.tmi.configuration/MongoConfig.java.html',4,0,'com.tmi.configuration',31),(673,0,0,'SpringSwagger.java','TmiProject','https://k4a201.p.ssafy.io/static/coverage/1e91240c-32cc-4c30-9e0f-6151bc378ca6/2021-05-20_151314//com.tmi.configuration/SpringSwagger.java.html',11,0,'com.tmi.configuration',31),(674,0,0,'WebConfig.java','TmiProject','https://k4a201.p.ssafy.io/static/coverage/1e91240c-32cc-4c30-9e0f-6151bc378ca6/2021-05-20_151314//com.tmi.configuration/WebConfig.java.html',6,0,'com.tmi.configuration',31),(675,0,0,'SpringJpa.java','TmiProject','https://k4a201.p.ssafy.io/static/coverage/1e91240c-32cc-4c30-9e0f-6151bc378ca6/2021-05-20_151314//com.tmi.configuration/SpringJpa.java.html',3,0,'com.tmi.configuration',31),(676,0,88,'App.java','TmiProject','https://k4a201.p.ssafy.io/static/coverage/1e91240c-32cc-4c30-9e0f-6151bc378ca6/2021-05-20_151314//com.tmi.entity/App.java.html',0,22,'com.tmi.entity',31),(677,0,0,'Department.java','TmiProject','https://k4a201.p.ssafy.io/static/coverage/1e91240c-32cc-4c30-9e0f-6151bc378ca6/2021-05-20_151314//com.tmi.entity/Department.java.html',1,9,'com.tmi.entity',31),(678,0,56,'Test.java','TmiProject','https://k4a201.p.ssafy.io/static/coverage/1e91240c-32cc-4c30-9e0f-6151bc378ca6/2021-05-20_151314//com.tmi.entity/Test.java.html',2,16,'com.tmi.entity',31),(679,0,0,'User.java','TmiProject','https://k4a201.p.ssafy.io/static/coverage/1e91240c-32cc-4c30-9e0f-6151bc378ca6/2021-05-20_151314//com.tmi.entity/User.java.html',1,8,'com.tmi.entity',31),(680,0,0,'Report.java','TmiProject','https://k4a201.p.ssafy.io/static/coverage/1e91240c-32cc-4c30-9e0f-6151bc378ca6/2021-05-20_151314//com.tmi.entity/Report.java.html',3,28,'com.tmi.entity',31),(681,0,0,'Coverage.java','TmiProject','https://k4a201.p.ssafy.io/static/coverage/1e91240c-32cc-4c30-9e0f-6151bc378ca6/2021-05-20_151314//com.tmi.entity/Coverage.java.html',1,22,'com.tmi.entity',31),(682,0,0,'Project.java','TmiProject','https://k4a201.p.ssafy.io/static/coverage/1e91240c-32cc-4c30-9e0f-6151bc378ca6/2021-05-20_151314//com.tmi.entity/Project.java.html',2,8,'com.tmi.entity',31),(683,0,4,'UserServiceImpl.java','TmiProject','https://k4a201.p.ssafy.io/static/coverage/1e91240c-32cc-4c30-9e0f-6151bc378ca6/2021-05-20_151314//com.tmi.service/UserServiceImpl.java.html',1,23,'com.tmi.service',31),(684,0,4,'DeptServiceImpl.java','TmiProject','https://k4a201.p.ssafy.io/static/coverage/1e91240c-32cc-4c30-9e0f-6151bc378ca6/2021-05-20_151314//com.tmi.service/DeptServiceImpl.java.html',1,10,'com.tmi.service',31),(685,0,2,'CoverageServiceImpl.java','TmiProject','https://k4a201.p.ssafy.io/static/coverage/1e91240c-32cc-4c30-9e0f-6151bc378ca6/2021-05-20_151314//com.tmi.service/CoverageServiceImpl.java.html',1,13,'com.tmi.service',31),(686,0,0,'ProjectService.java','TmiProject',NULL,0,0,'com.tmi.service',31),(687,0,2,'ProjectServiceImpl.java','TmiProject','https://k4a201.p.ssafy.io/static/coverage/1e91240c-32cc-4c30-9e0f-6151bc378ca6/2021-05-20_151314//com.tmi.service/ProjectServiceImpl.java.html',1,19,'com.tmi.service',31),(688,0,20,'DataCollectService.java','TmiProject','https://k4a201.p.ssafy.io/static/coverage/1e91240c-32cc-4c30-9e0f-6151bc378ca6/2021-05-20_151314//com.tmi.service/DataCollectService.java.html',1,77,'com.tmi.service',31),(689,0,2,'ReportServiceImpl.java','TmiProject','https://k4a201.p.ssafy.io/static/coverage/1e91240c-32cc-4c30-9e0f-6151bc378ca6/2021-05-20_151314//com.tmi.service/ReportServiceImpl.java.html',1,8,'com.tmi.service',31),(690,0,2,'TestServiceImpl.java','TmiProject','https://k4a201.p.ssafy.io/static/coverage/1e91240c-32cc-4c30-9e0f-6151bc378ca6/2021-05-20_151314//com.tmi.service/TestServiceImpl.java.html',1,23,'com.tmi.service',31),(691,0,0,'CoverageService.java','TmiProject',NULL,0,0,'com.tmi.service',31),(692,0,0,'TestService.java','TmiProject',NULL,0,0,'com.tmi.service',31),(693,0,0,'ReportService.java','TmiProject',NULL,0,0,'com.tmi.service',31),(694,0,0,'DeptService.java','TmiProject',NULL,0,0,'com.tmi.service',31),(695,0,0,'AppService.java','TmiProject',NULL,0,0,'com.tmi.service',31),(696,0,0,'UserService.java','TmiProject',NULL,0,0,'com.tmi.service',31),(697,0,4,'AppServiceImpl.java','TmiProject','https://k4a201.p.ssafy.io/static/coverage/1e91240c-32cc-4c30-9e0f-6151bc378ca6/2021-05-20_151314//com.tmi.service/AppServiceImpl.java.html',1,20,'com.tmi.service',31),(698,0,0,'TestNotFoundException.java','TmiProject','https://k4a201.p.ssafy.io/static/coverage/1e91240c-32cc-4c30-9e0f-6151bc378ca6/2021-05-20_151314//com.tmi.controller.test/TestNotFoundException.java.html',0,2,'com.tmi.controller.test',31),(699,0,0,'TestNotFoundAdvice.java','TmiProject','https://k4a201.p.ssafy.io/static/coverage/1e91240c-32cc-4c30-9e0f-6151bc378ca6/2021-05-20_151314//com.tmi.controller.test/TestNotFoundAdvice.java.html',1,1,'com.tmi.controller.test',31),(700,0,0,'TestController.java','TmiProject','https://k4a201.p.ssafy.io/static/coverage/1e91240c-32cc-4c30-9e0f-6151bc378ca6/2021-05-20_151314//com.tmi.controller.test/TestController.java.html',1,7,'com.tmi.controller.test',31),(701,0,0,'ReportController.java','TmiProject','https://k4a201.p.ssafy.io/static/coverage/1e91240c-32cc-4c30-9e0f-6151bc378ca6/2021-05-20_151314//com.tmi.controller.report/ReportController.java.html',1,5,'com.tmi.controller.report',31),(702,0,0,'ReportNotFoundAdvice.java','TmiProject','https://k4a201.p.ssafy.io/static/coverage/1e91240c-32cc-4c30-9e0f-6151bc378ca6/2021-05-20_151314//com.tmi.controller.report/ReportNotFoundAdvice.java.html',1,0,'com.tmi.controller.report',31),(703,0,0,'ReportNotFoundException.java','TmiProject','https://k4a201.p.ssafy.io/static/coverage/1e91240c-32cc-4c30-9e0f-6151bc378ca6/2021-05-20_151314//com.tmi.controller.report/ReportNotFoundException.java.html',0,2,'com.tmi.controller.report',31),(704,0,0,'DataCollectController.java','TmiProject','https://k4a201.p.ssafy.io/static/coverage/1e91240c-32cc-4c30-9e0f-6151bc378ca6/2021-05-20_151314//com.tmi.controller.datacollect/DataCollectController.java.html',1,2,'com.tmi.controller.datacollect',31),(705,0,0,'ProjectNotFoundException.java','TmiProject','https://k4a201.p.ssafy.io/static/coverage/1e91240c-32cc-4c30-9e0f-6151bc378ca6/2021-05-20_151314//com.tmi.controller.project/ProjectNotFoundException.java.html',0,2,'com.tmi.controller.project',31),(706,0,0,'ProjectNotFoundAdvice.java','TmiProject','https://k4a201.p.ssafy.io/static/coverage/1e91240c-32cc-4c30-9e0f-6151bc378ca6/2021-05-20_151314//com.tmi.controller.project/ProjectNotFoundAdvice.java.html',1,1,'com.tmi.controller.project',31),(707,0,4,'ProjectController.java','TmiProject','https://k4a201.p.ssafy.io/static/coverage/1e91240c-32cc-4c30-9e0f-6151bc378ca6/2021-05-20_151314//com.tmi.controller.project/ProjectController.java.html',1,13,'com.tmi.controller.project',31),(708,0,0,'TestRawDataRepository.java','TmiProject',NULL,0,0,'com.tmi.raw.repository',31),(709,0,0,'CoverageRawDataRepository.java','TmiProject',NULL,0,0,'com.tmi.raw.repository',31),(710,0,4,'AppController.java','TmiProject','https://k4a201.p.ssafy.io/static/coverage/1e91240c-32cc-4c30-9e0f-6151bc378ca6/2021-05-20_151314//com.tmi.controller.app/AppController.java.html',1,15,'com.tmi.controller.app',31),(711,0,0,'AppNotFoundAdvice.java','TmiProject','https://k4a201.p.ssafy.io/static/coverage/1e91240c-32cc-4c30-9e0f-6151bc378ca6/2021-05-20_151314//com.tmi.controller.app/AppNotFoundAdvice.java.html',1,1,'com.tmi.controller.app',31),(712,0,0,'AppDuplicatedAdvice.java','TmiProject','https://k4a201.p.ssafy.io/static/coverage/1e91240c-32cc-4c30-9e0f-6151bc378ca6/2021-05-20_151314//com.tmi.controller.app/AppDuplicatedAdvice.java.html',1,1,'com.tmi.controller.app',31),(713,0,0,'AppDuplicatedException.java','TmiProject','https://k4a201.p.ssafy.io/static/coverage/1e91240c-32cc-4c30-9e0f-6151bc378ca6/2021-05-20_151314//com.tmi.controller.app/AppDuplicatedException.java.html',0,2,'com.tmi.controller.app',31),(714,0,0,'AppNotFoundException.java','TmiProject','https://k4a201.p.ssafy.io/static/coverage/1e91240c-32cc-4c30-9e0f-6151bc378ca6/2021-05-20_151314//com.tmi.controller.app/AppNotFoundException.java.html',0,2,'com.tmi.controller.app',31),(715,0,6,'DeptController.java','TmiProject','https://k4a201.p.ssafy.io/static/coverage/1e91240c-32cc-4c30-9e0f-6151bc378ca6/2021-05-20_151314//com.tmi.controller.department/DeptController.java.html',1,13,'com.tmi.controller.department',31),(716,0,0,'PackageInnerClass.java','TmiProject','https://k4a201.p.ssafy.io/static/coverage/1e91240c-32cc-4c30-9e0f-6151bc378ca6/2021-05-20_151314//com.tmi.raw.entity/PackageInnerClass.java.html',0,10,'com.tmi.raw.entity',31),(717,0,0,'Sourcefile.java','TmiProject','https://k4a201.p.ssafy.io/static/coverage/1e91240c-32cc-4c30-9e0f-6151bc378ca6/2021-05-20_151314//com.tmi.raw.entity/Sourcefile.java.html',0,11,'com.tmi.raw.entity',31),(718,0,0,'Method.java','TmiProject','https://k4a201.p.ssafy.io/static/coverage/1e91240c-32cc-4c30-9e0f-6151bc378ca6/2021-05-20_151314//com.tmi.raw.entity/Method.java.html',0,8,'com.tmi.raw.entity',31),(719,0,0,'Line.java','TmiProject','https://k4a201.p.ssafy.io/static/coverage/1e91240c-32cc-4c30-9e0f-6151bc378ca6/2021-05-20_151314//com.tmi.raw.entity/Line.java.html',0,8,'com.tmi.raw.entity',31),(720,0,0,'CoverageRawData.java','TmiProject','https://k4a201.p.ssafy.io/static/coverage/1e91240c-32cc-4c30-9e0f-6151bc378ca6/2021-05-20_151314//com.tmi.raw.entity/CoverageRawData.java.html',0,14,'com.tmi.raw.entity',31),(721,0,0,'TestCase.java','TmiProject','https://k4a201.p.ssafy.io/static/coverage/1e91240c-32cc-4c30-9e0f-6151bc378ca6/2021-05-20_151314//com.tmi.raw.entity/TestCase.java.html',0,7,'com.tmi.raw.entity',31),(722,0,0,'Package.java','TmiProject','https://k4a201.p.ssafy.io/static/coverage/1e91240c-32cc-4c30-9e0f-6151bc378ca6/2021-05-20_151314//com.tmi.raw.entity/Package.java.html',0,11,'com.tmi.raw.entity',31),(723,0,0,'TestRawData.java','TmiProject','https://k4a201.p.ssafy.io/static/coverage/1e91240c-32cc-4c30-9e0f-6151bc378ca6/2021-05-20_151314//com.tmi.raw.entity/TestRawData.java.html',0,15,'com.tmi.raw.entity',31),(724,0,0,'Counter.java','TmiProject','https://k4a201.p.ssafy.io/static/coverage/1e91240c-32cc-4c30-9e0f-6151bc378ca6/2021-05-20_151314//com.tmi.raw.entity/Counter.java.html',0,6,'com.tmi.raw.entity',31),(725,0,8,'UserController.java','TmiProject','https://k4a201.p.ssafy.io/static/coverage/1e91240c-32cc-4c30-9e0f-6151bc378ca6/2021-05-20_151314//com.tmi.controller.user/UserController.java.html',1,13,'com.tmi.controller.user',31),(726,0,0,'CoverageController.java','TmiProject','https://k4a201.p.ssafy.io/static/coverage/1e91240c-32cc-4c30-9e0f-6151bc378ca6/2021-05-20_151314//com.tmi.controller/CoverageController.java.html',1,3,'com.tmi.controller',31),(727,0,0,'PetClinicApplication.java','petclinic',NULL,1,2,'org.springframework.samples.petclinic',32),(728,2,0,'BaseEntity.java','petclinic',NULL,5,0,'org.springframework.samples.petclinic.model',32),(729,0,0,'NamedEntity.java','petclinic',NULL,5,0,'org.springframework.samples.petclinic.model',32),(730,0,0,'Person.java','petclinic',NULL,7,0,'org.springframework.samples.petclinic.model',32),(731,2,0,'Vet.java','petclinic',NULL,10,2,'org.springframework.samples.petclinic.vet',32),(732,2,0,'Vets.java','petclinic',NULL,4,0,'org.springframework.samples.petclinic.vet',32),(733,0,0,'Specialty.java','petclinic',NULL,1,0,'org.springframework.samples.petclinic.vet',32),(734,0,0,'VetController.java','petclinic',NULL,10,0,'org.springframework.samples.petclinic.vet',32),(735,0,0,'VetRepository.java','petclinic',NULL,0,0,'org.springframework.samples.petclinic.vet',32),(736,0,0,'Visit.java','petclinic',NULL,12,0,'org.springframework.samples.petclinic.visit',32),(737,0,0,'VisitRepository.java','petclinic',NULL,0,0,'org.springframework.samples.petclinic.visit',32),(738,1,1,'Pet.java','petclinic',NULL,21,1,'org.springframework.samples.petclinic.owner',32),(739,7,3,'PetController.java','petclinic',NULL,31,1,'org.springframework.samples.petclinic.owner',32),(740,4,8,'Owner.java','petclinic',NULL,29,7,'org.springframework.samples.petclinic.owner',32),(741,0,0,'PetRepository.java','petclinic',NULL,0,0,'org.springframework.samples.petclinic.owner',32),(742,12,0,'OwnerController.java','petclinic',NULL,41,0,'org.springframework.samples.petclinic.owner',32),(743,4,0,'PetTypeFormatter.java','petclinic',NULL,10,0,'org.springframework.samples.petclinic.owner',32),(744,0,0,'PetType.java','petclinic',NULL,1,0,'org.springframework.samples.petclinic.owner',32),(745,2,0,'VisitController.java','petclinic',NULL,17,0,'org.springframework.samples.petclinic.owner',32),(746,0,0,'OwnerRepository.java','petclinic',NULL,0,0,'org.springframework.samples.petclinic.owner',32),(747,6,2,'PetValidator.java','petclinic',NULL,10,1,'org.springframework.samples.petclinic.owner',32),(748,0,0,'CrashController.java','petclinic',NULL,1,1,'org.springframework.samples.petclinic.system',32),(749,0,0,'CacheConfiguration.java','petclinic',NULL,5,0,'org.springframework.samples.petclinic.system',32),(750,0,0,'WelcomeController.java','petclinic',NULL,1,1,'org.springframework.samples.petclinic.system',32),(751,0,0,'PetClinicApplication.java','petclinic','https://k4a201.p.ssafy.io/static/coverage/5ef1e175-f52b-416a-8c06-e9284d4b3ed5/2021-05-20_160026//org.springframework.samples.petclinic/PetClinicApplication.java.html',1,2,'org.springframework.samples.petclinic',33),(752,2,0,'BaseEntity.java','petclinic','https://k4a201.p.ssafy.io/static/coverage/5ef1e175-f52b-416a-8c06-e9284d4b3ed5/2021-05-20_160026//org.springframework.samples.petclinic.model/BaseEntity.java.html',5,0,'org.springframework.samples.petclinic.model',33),(753,0,0,'NamedEntity.java','petclinic','https://k4a201.p.ssafy.io/static/coverage/5ef1e175-f52b-416a-8c06-e9284d4b3ed5/2021-05-20_160026//org.springframework.samples.petclinic.model/NamedEntity.java.html',5,0,'org.springframework.samples.petclinic.model',33),(754,0,0,'Person.java','petclinic','https://k4a201.p.ssafy.io/static/coverage/5ef1e175-f52b-416a-8c06-e9284d4b3ed5/2021-05-20_160026//org.springframework.samples.petclinic.model/Person.java.html',7,0,'org.springframework.samples.petclinic.model',33),(755,2,0,'Vet.java','petclinic','https://k4a201.p.ssafy.io/static/coverage/5ef1e175-f52b-416a-8c06-e9284d4b3ed5/2021-05-20_160026//org.springframework.samples.petclinic.vet/Vet.java.html',10,2,'org.springframework.samples.petclinic.vet',33),(756,2,0,'Vets.java','petclinic','https://k4a201.p.ssafy.io/static/coverage/5ef1e175-f52b-416a-8c06-e9284d4b3ed5/2021-05-20_160026//org.springframework.samples.petclinic.vet/Vets.java.html',4,0,'org.springframework.samples.petclinic.vet',33),(757,0,0,'Specialty.java','petclinic','https://k4a201.p.ssafy.io/static/coverage/5ef1e175-f52b-416a-8c06-e9284d4b3ed5/2021-05-20_160026//org.springframework.samples.petclinic.vet/Specialty.java.html',1,0,'org.springframework.samples.petclinic.vet',33),(758,0,0,'VetController.java','petclinic','https://k4a201.p.ssafy.io/static/coverage/5ef1e175-f52b-416a-8c06-e9284d4b3ed5/2021-05-20_160026//org.springframework.samples.petclinic.vet/VetController.java.html',10,0,'org.springframework.samples.petclinic.vet',33),(759,0,0,'VetRepository.java','petclinic',NULL,0,0,'org.springframework.samples.petclinic.vet',33),(760,0,0,'Visit.java','petclinic','https://k4a201.p.ssafy.io/static/coverage/5ef1e175-f52b-416a-8c06-e9284d4b3ed5/2021-05-20_160026//org.springframework.samples.petclinic.visit/Visit.java.html',12,0,'org.springframework.samples.petclinic.visit',33),(761,0,0,'VisitRepository.java','petclinic',NULL,0,0,'org.springframework.samples.petclinic.visit',33),(762,1,1,'Pet.java','petclinic','https://k4a201.p.ssafy.io/static/coverage/5ef1e175-f52b-416a-8c06-e9284d4b3ed5/2021-05-20_160026//org.springframework.samples.petclinic.owner/Pet.java.html',21,1,'org.springframework.samples.petclinic.owner',33),(763,7,3,'PetController.java','petclinic','https://k4a201.p.ssafy.io/static/coverage/5ef1e175-f52b-416a-8c06-e9284d4b3ed5/2021-05-20_160026//org.springframework.samples.petclinic.owner/PetController.java.html',31,1,'org.springframework.samples.petclinic.owner',33),(764,4,8,'Owner.java','petclinic','https://k4a201.p.ssafy.io/static/coverage/5ef1e175-f52b-416a-8c06-e9284d4b3ed5/2021-05-20_160026//org.springframework.samples.petclinic.owner/Owner.java.html',29,7,'org.springframework.samples.petclinic.owner',33),(765,0,0,'PetRepository.java','petclinic',NULL,0,0,'org.springframework.samples.petclinic.owner',33),(766,12,0,'OwnerController.java','petclinic','https://k4a201.p.ssafy.io/static/coverage/5ef1e175-f52b-416a-8c06-e9284d4b3ed5/2021-05-20_160026//org.springframework.samples.petclinic.owner/OwnerController.java.html',41,0,'org.springframework.samples.petclinic.owner',33),(767,4,0,'PetTypeFormatter.java','petclinic','https://k4a201.p.ssafy.io/static/coverage/5ef1e175-f52b-416a-8c06-e9284d4b3ed5/2021-05-20_160026//org.springframework.samples.petclinic.owner/PetTypeFormatter.java.html',10,0,'org.springframework.samples.petclinic.owner',33),(768,0,0,'PetType.java','petclinic','https://k4a201.p.ssafy.io/static/coverage/5ef1e175-f52b-416a-8c06-e9284d4b3ed5/2021-05-20_160026//org.springframework.samples.petclinic.owner/PetType.java.html',1,0,'org.springframework.samples.petclinic.owner',33),(769,2,0,'VisitController.java','petclinic','https://k4a201.p.ssafy.io/static/coverage/5ef1e175-f52b-416a-8c06-e9284d4b3ed5/2021-05-20_160026//org.springframework.samples.petclinic.owner/VisitController.java.html',17,0,'org.springframework.samples.petclinic.owner',33),(770,0,0,'OwnerRepository.java','petclinic',NULL,0,0,'org.springframework.samples.petclinic.owner',33),(771,6,2,'PetValidator.java','petclinic','https://k4a201.p.ssafy.io/static/coverage/5ef1e175-f52b-416a-8c06-e9284d4b3ed5/2021-05-20_160026//org.springframework.samples.petclinic.owner/PetValidator.java.html',10,1,'org.springframework.samples.petclinic.owner',33),(772,0,0,'CrashController.java','petclinic','https://k4a201.p.ssafy.io/static/coverage/5ef1e175-f52b-416a-8c06-e9284d4b3ed5/2021-05-20_160026//org.springframework.samples.petclinic.system/CrashController.java.html',1,1,'org.springframework.samples.petclinic.system',33),(773,0,0,'CacheConfiguration.java','petclinic','https://k4a201.p.ssafy.io/static/coverage/5ef1e175-f52b-416a-8c06-e9284d4b3ed5/2021-05-20_160026//org.springframework.samples.petclinic.system/CacheConfiguration.java.html',5,0,'org.springframework.samples.petclinic.system',33),(774,0,0,'WelcomeController.java','petclinic','https://k4a201.p.ssafy.io/static/coverage/5ef1e175-f52b-416a-8c06-e9284d4b3ed5/2021-05-20_160026//org.springframework.samples.petclinic.system/WelcomeController.java.html',1,1,'org.springframework.samples.petclinic.system',33),(775,0,0,'PetClinicApplication.java','petclinic','https://k4a201.p.ssafy.io/static/coverage/5ef1e175-f52b-416a-8c06-e9284d4b3ed5/2021-05-20_161350//org.springframework.samples.petclinic/PetClinicApplication.java.html',1,2,'org.springframework.samples.petclinic',34),(776,2,0,'BaseEntity.java','petclinic','https://k4a201.p.ssafy.io/static/coverage/5ef1e175-f52b-416a-8c06-e9284d4b3ed5/2021-05-20_161350//org.springframework.samples.petclinic.model/BaseEntity.java.html',5,0,'org.springframework.samples.petclinic.model',34),(777,0,0,'NamedEntity.java','petclinic','https://k4a201.p.ssafy.io/static/coverage/5ef1e175-f52b-416a-8c06-e9284d4b3ed5/2021-05-20_161350//org.springframework.samples.petclinic.model/NamedEntity.java.html',5,0,'org.springframework.samples.petclinic.model',34),(778,0,0,'Person.java','petclinic','https://k4a201.p.ssafy.io/static/coverage/5ef1e175-f52b-416a-8c06-e9284d4b3ed5/2021-05-20_161350//org.springframework.samples.petclinic.model/Person.java.html',7,0,'org.springframework.samples.petclinic.model',34),(779,2,0,'Vet.java','petclinic','https://k4a201.p.ssafy.io/static/coverage/5ef1e175-f52b-416a-8c06-e9284d4b3ed5/2021-05-20_161350//org.springframework.samples.petclinic.vet/Vet.java.html',10,2,'org.springframework.samples.petclinic.vet',34),(780,2,0,'Vets.java','petclinic','https://k4a201.p.ssafy.io/static/coverage/5ef1e175-f52b-416a-8c06-e9284d4b3ed5/2021-05-20_161350//org.springframework.samples.petclinic.vet/Vets.java.html',4,0,'org.springframework.samples.petclinic.vet',34),(781,0,0,'Specialty.java','petclinic','https://k4a201.p.ssafy.io/static/coverage/5ef1e175-f52b-416a-8c06-e9284d4b3ed5/2021-05-20_161350//org.springframework.samples.petclinic.vet/Specialty.java.html',1,0,'org.springframework.samples.petclinic.vet',34),(782,0,0,'VetController.java','petclinic','https://k4a201.p.ssafy.io/static/coverage/5ef1e175-f52b-416a-8c06-e9284d4b3ed5/2021-05-20_161350//org.springframework.samples.petclinic.vet/VetController.java.html',10,0,'org.springframework.samples.petclinic.vet',34),(783,0,0,'VetRepository.java','petclinic',NULL,0,0,'org.springframework.samples.petclinic.vet',34),(784,0,0,'Visit.java','petclinic','https://k4a201.p.ssafy.io/static/coverage/5ef1e175-f52b-416a-8c06-e9284d4b3ed5/2021-05-20_161350//org.springframework.samples.petclinic.visit/Visit.java.html',12,0,'org.springframework.samples.petclinic.visit',34),(785,0,0,'VisitRepository.java','petclinic',NULL,0,0,'org.springframework.samples.petclinic.visit',34),(786,1,1,'Pet.java','petclinic','https://k4a201.p.ssafy.io/static/coverage/5ef1e175-f52b-416a-8c06-e9284d4b3ed5/2021-05-20_161350//org.springframework.samples.petclinic.owner/Pet.java.html',21,1,'org.springframework.samples.petclinic.owner',34),(787,7,3,'PetController.java','petclinic','https://k4a201.p.ssafy.io/static/coverage/5ef1e175-f52b-416a-8c06-e9284d4b3ed5/2021-05-20_161350//org.springframework.samples.petclinic.owner/PetController.java.html',31,1,'org.springframework.samples.petclinic.owner',34),(788,4,8,'Owner.java','petclinic','https://k4a201.p.ssafy.io/static/coverage/5ef1e175-f52b-416a-8c06-e9284d4b3ed5/2021-05-20_161350//org.springframework.samples.petclinic.owner/Owner.java.html',29,7,'org.springframework.samples.petclinic.owner',34),(789,0,0,'PetRepository.java','petclinic',NULL,0,0,'org.springframework.samples.petclinic.owner',34),(790,12,0,'OwnerController.java','petclinic','https://k4a201.p.ssafy.io/static/coverage/5ef1e175-f52b-416a-8c06-e9284d4b3ed5/2021-05-20_161350//org.springframework.samples.petclinic.owner/OwnerController.java.html',41,0,'org.springframework.samples.petclinic.owner',34),(791,4,0,'PetTypeFormatter.java','petclinic','https://k4a201.p.ssafy.io/static/coverage/5ef1e175-f52b-416a-8c06-e9284d4b3ed5/2021-05-20_161350//org.springframework.samples.petclinic.owner/PetTypeFormatter.java.html',10,0,'org.springframework.samples.petclinic.owner',34),(792,0,0,'PetType.java','petclinic','https://k4a201.p.ssafy.io/static/coverage/5ef1e175-f52b-416a-8c06-e9284d4b3ed5/2021-05-20_161350//org.springframework.samples.petclinic.owner/PetType.java.html',1,0,'org.springframework.samples.petclinic.owner',34),(793,2,0,'VisitController.java','petclinic','https://k4a201.p.ssafy.io/static/coverage/5ef1e175-f52b-416a-8c06-e9284d4b3ed5/2021-05-20_161350//org.springframework.samples.petclinic.owner/VisitController.java.html',17,0,'org.springframework.samples.petclinic.owner',34),(794,0,0,'OwnerRepository.java','petclinic',NULL,0,0,'org.springframework.samples.petclinic.owner',34),(795,6,2,'PetValidator.java','petclinic','https://k4a201.p.ssafy.io/static/coverage/5ef1e175-f52b-416a-8c06-e9284d4b3ed5/2021-05-20_161350//org.springframework.samples.petclinic.owner/PetValidator.java.html',10,1,'org.springframework.samples.petclinic.owner',34),(796,0,0,'CrashController.java','petclinic','https://k4a201.p.ssafy.io/static/coverage/5ef1e175-f52b-416a-8c06-e9284d4b3ed5/2021-05-20_161350//org.springframework.samples.petclinic.system/CrashController.java.html',1,1,'org.springframework.samples.petclinic.system',34),(797,0,0,'CacheConfiguration.java','petclinic','https://k4a201.p.ssafy.io/static/coverage/5ef1e175-f52b-416a-8c06-e9284d4b3ed5/2021-05-20_161350//org.springframework.samples.petclinic.system/CacheConfiguration.java.html',5,0,'org.springframework.samples.petclinic.system',34),(798,0,0,'WelcomeController.java','petclinic','https://k4a201.p.ssafy.io/static/coverage/5ef1e175-f52b-416a-8c06-e9284d4b3ed5/2021-05-20_161350//org.springframework.samples.petclinic.system/WelcomeController.java.html',1,1,'org.springframework.samples.petclinic.system',34),(799,0,0,'PetClinicApplication.java','petclinic','https://k4a201.p.ssafy.io/static/coverage/5ef1e175-f52b-416a-8c06-e9284d4b3ed5/2021-05-20_161948//org.springframework.samples.petclinic/PetClinicApplication.java.html',1,2,'org.springframework.samples.petclinic',35),(800,2,0,'BaseEntity.java','petclinic','https://k4a201.p.ssafy.io/static/coverage/5ef1e175-f52b-416a-8c06-e9284d4b3ed5/2021-05-20_161948//org.springframework.samples.petclinic.model/BaseEntity.java.html',5,0,'org.springframework.samples.petclinic.model',35),(801,0,0,'NamedEntity.java','petclinic','https://k4a201.p.ssafy.io/static/coverage/5ef1e175-f52b-416a-8c06-e9284d4b3ed5/2021-05-20_161948//org.springframework.samples.petclinic.model/NamedEntity.java.html',5,0,'org.springframework.samples.petclinic.model',35),(802,0,0,'Person.java','petclinic','https://k4a201.p.ssafy.io/static/coverage/5ef1e175-f52b-416a-8c06-e9284d4b3ed5/2021-05-20_161948//org.springframework.samples.petclinic.model/Person.java.html',7,0,'org.springframework.samples.petclinic.model',35),(803,2,0,'Vet.java','petclinic','https://k4a201.p.ssafy.io/static/coverage/5ef1e175-f52b-416a-8c06-e9284d4b3ed5/2021-05-20_161948//org.springframework.samples.petclinic.vet/Vet.java.html',10,2,'org.springframework.samples.petclinic.vet',35),(804,2,0,'Vets.java','petclinic','https://k4a201.p.ssafy.io/static/coverage/5ef1e175-f52b-416a-8c06-e9284d4b3ed5/2021-05-20_161948//org.springframework.samples.petclinic.vet/Vets.java.html',4,0,'org.springframework.samples.petclinic.vet',35),(805,0,0,'Specialty.java','petclinic','https://k4a201.p.ssafy.io/static/coverage/5ef1e175-f52b-416a-8c06-e9284d4b3ed5/2021-05-20_161948//org.springframework.samples.petclinic.vet/Specialty.java.html',1,0,'org.springframework.samples.petclinic.vet',35),(806,0,0,'VetController.java','petclinic','https://k4a201.p.ssafy.io/static/coverage/5ef1e175-f52b-416a-8c06-e9284d4b3ed5/2021-05-20_161948//org.springframework.samples.petclinic.vet/VetController.java.html',10,0,'org.springframework.samples.petclinic.vet',35),(807,0,0,'VetRepository.java','petclinic',NULL,0,0,'org.springframework.samples.petclinic.vet',35),(808,0,0,'Visit.java','petclinic','https://k4a201.p.ssafy.io/static/coverage/5ef1e175-f52b-416a-8c06-e9284d4b3ed5/2021-05-20_161948//org.springframework.samples.petclinic.visit/Visit.java.html',12,0,'org.springframework.samples.petclinic.visit',35),(809,0,0,'VisitRepository.java','petclinic',NULL,0,0,'org.springframework.samples.petclinic.visit',35),(810,1,1,'Pet.java','petclinic','https://k4a201.p.ssafy.io/static/coverage/5ef1e175-f52b-416a-8c06-e9284d4b3ed5/2021-05-20_161948//org.springframework.samples.petclinic.owner/Pet.java.html',21,1,'org.springframework.samples.petclinic.owner',35),(811,7,3,'PetController.java','petclinic','https://k4a201.p.ssafy.io/static/coverage/5ef1e175-f52b-416a-8c06-e9284d4b3ed5/2021-05-20_161948//org.springframework.samples.petclinic.owner/PetController.java.html',31,1,'org.springframework.samples.petclinic.owner',35),(812,4,8,'Owner.java','petclinic','https://k4a201.p.ssafy.io/static/coverage/5ef1e175-f52b-416a-8c06-e9284d4b3ed5/2021-05-20_161948//org.springframework.samples.petclinic.owner/Owner.java.html',29,7,'org.springframework.samples.petclinic.owner',35),(813,0,0,'PetRepository.java','petclinic',NULL,0,0,'org.springframework.samples.petclinic.owner',35),(814,12,0,'OwnerController.java','petclinic','https://k4a201.p.ssafy.io/static/coverage/5ef1e175-f52b-416a-8c06-e9284d4b3ed5/2021-05-20_161948//org.springframework.samples.petclinic.owner/OwnerController.java.html',41,0,'org.springframework.samples.petclinic.owner',35),(815,4,0,'PetTypeFormatter.java','petclinic','https://k4a201.p.ssafy.io/static/coverage/5ef1e175-f52b-416a-8c06-e9284d4b3ed5/2021-05-20_161948//org.springframework.samples.petclinic.owner/PetTypeFormatter.java.html',10,0,'org.springframework.samples.petclinic.owner',35),(816,0,0,'PetType.java','petclinic','https://k4a201.p.ssafy.io/static/coverage/5ef1e175-f52b-416a-8c06-e9284d4b3ed5/2021-05-20_161948//org.springframework.samples.petclinic.owner/PetType.java.html',1,0,'org.springframework.samples.petclinic.owner',35),(817,2,0,'VisitController.java','petclinic','https://k4a201.p.ssafy.io/static/coverage/5ef1e175-f52b-416a-8c06-e9284d4b3ed5/2021-05-20_161948//org.springframework.samples.petclinic.owner/VisitController.java.html',17,0,'org.springframework.samples.petclinic.owner',35),(818,0,0,'OwnerRepository.java','petclinic',NULL,0,0,'org.springframework.samples.petclinic.owner',35),(819,6,2,'PetValidator.java','petclinic','https://k4a201.p.ssafy.io/static/coverage/5ef1e175-f52b-416a-8c06-e9284d4b3ed5/2021-05-20_161948//org.springframework.samples.petclinic.owner/PetValidator.java.html',10,1,'org.springframework.samples.petclinic.owner',35),(820,0,0,'CrashController.java','petclinic','https://k4a201.p.ssafy.io/static/coverage/5ef1e175-f52b-416a-8c06-e9284d4b3ed5/2021-05-20_161948//org.springframework.samples.petclinic.system/CrashController.java.html',1,1,'org.springframework.samples.petclinic.system',35),(821,0,0,'CacheConfiguration.java','petclinic','https://k4a201.p.ssafy.io/static/coverage/5ef1e175-f52b-416a-8c06-e9284d4b3ed5/2021-05-20_161948//org.springframework.samples.petclinic.system/CacheConfiguration.java.html',5,0,'org.springframework.samples.petclinic.system',35),(822,0,0,'WelcomeController.java','petclinic','https://k4a201.p.ssafy.io/static/coverage/5ef1e175-f52b-416a-8c06-e9284d4b3ed5/2021-05-20_161948//org.springframework.samples.petclinic.system/WelcomeController.java.html',1,1,'org.springframework.samples.petclinic.system',35),(823,0,0,'PetClinicApplication.java','petclinic','https://k4a201.p.ssafy.io/static/coverage/5ef1e175-f52b-416a-8c06-e9284d4b3ed5/2021-05-20_162044//org.springframework.samples.petclinic/PetClinicApplication.java.html',1,2,'org.springframework.samples.petclinic',36),(824,2,0,'BaseEntity.java','petclinic','https://k4a201.p.ssafy.io/static/coverage/5ef1e175-f52b-416a-8c06-e9284d4b3ed5/2021-05-20_162044//org.springframework.samples.petclinic.model/BaseEntity.java.html',5,0,'org.springframework.samples.petclinic.model',36),(825,0,0,'NamedEntity.java','petclinic','https://k4a201.p.ssafy.io/static/coverage/5ef1e175-f52b-416a-8c06-e9284d4b3ed5/2021-05-20_162044//org.springframework.samples.petclinic.model/NamedEntity.java.html',5,0,'org.springframework.samples.petclinic.model',36),(826,0,0,'Person.java','petclinic','https://k4a201.p.ssafy.io/static/coverage/5ef1e175-f52b-416a-8c06-e9284d4b3ed5/2021-05-20_162044//org.springframework.samples.petclinic.model/Person.java.html',7,0,'org.springframework.samples.petclinic.model',36),(827,2,0,'Vet.java','petclinic','https://k4a201.p.ssafy.io/static/coverage/5ef1e175-f52b-416a-8c06-e9284d4b3ed5/2021-05-20_162044//org.springframework.samples.petclinic.vet/Vet.java.html',10,2,'org.springframework.samples.petclinic.vet',36),(828,2,0,'Vets.java','petclinic','https://k4a201.p.ssafy.io/static/coverage/5ef1e175-f52b-416a-8c06-e9284d4b3ed5/2021-05-20_162044//org.springframework.samples.petclinic.vet/Vets.java.html',4,0,'org.springframework.samples.petclinic.vet',36),(829,0,0,'Specialty.java','petclinic','https://k4a201.p.ssafy.io/static/coverage/5ef1e175-f52b-416a-8c06-e9284d4b3ed5/2021-05-20_162044//org.springframework.samples.petclinic.vet/Specialty.java.html',1,0,'org.springframework.samples.petclinic.vet',36),(830,0,0,'VetController.java','petclinic','https://k4a201.p.ssafy.io/static/coverage/5ef1e175-f52b-416a-8c06-e9284d4b3ed5/2021-05-20_162044//org.springframework.samples.petclinic.vet/VetController.java.html',10,0,'org.springframework.samples.petclinic.vet',36),(831,0,0,'VetRepository.java','petclinic',NULL,0,0,'org.springframework.samples.petclinic.vet',36),(832,0,0,'Visit.java','petclinic','https://k4a201.p.ssafy.io/static/coverage/5ef1e175-f52b-416a-8c06-e9284d4b3ed5/2021-05-20_162044//org.springframework.samples.petclinic.visit/Visit.java.html',12,0,'org.springframework.samples.petclinic.visit',36),(833,0,0,'VisitRepository.java','petclinic',NULL,0,0,'org.springframework.samples.petclinic.visit',36),(834,1,1,'Pet.java','petclinic','https://k4a201.p.ssafy.io/static/coverage/5ef1e175-f52b-416a-8c06-e9284d4b3ed5/2021-05-20_162044//org.springframework.samples.petclinic.owner/Pet.java.html',21,1,'org.springframework.samples.petclinic.owner',36),(835,7,3,'PetController.java','petclinic','https://k4a201.p.ssafy.io/static/coverage/5ef1e175-f52b-416a-8c06-e9284d4b3ed5/2021-05-20_162044//org.springframework.samples.petclinic.owner/PetController.java.html',31,1,'org.springframework.samples.petclinic.owner',36),(836,4,8,'Owner.java','petclinic','https://k4a201.p.ssafy.io/static/coverage/5ef1e175-f52b-416a-8c06-e9284d4b3ed5/2021-05-20_162044//org.springframework.samples.petclinic.owner/Owner.java.html',29,7,'org.springframework.samples.petclinic.owner',36),(837,0,0,'PetRepository.java','petclinic',NULL,0,0,'org.springframework.samples.petclinic.owner',36),(838,12,0,'OwnerController.java','petclinic','https://k4a201.p.ssafy.io/static/coverage/5ef1e175-f52b-416a-8c06-e9284d4b3ed5/2021-05-20_162044//org.springframework.samples.petclinic.owner/OwnerController.java.html',41,0,'org.springframework.samples.petclinic.owner',36),(839,4,0,'PetTypeFormatter.java','petclinic','https://k4a201.p.ssafy.io/static/coverage/5ef1e175-f52b-416a-8c06-e9284d4b3ed5/2021-05-20_162044//org.springframework.samples.petclinic.owner/PetTypeFormatter.java.html',10,0,'org.springframework.samples.petclinic.owner',36),(840,0,0,'PetType.java','petclinic','https://k4a201.p.ssafy.io/static/coverage/5ef1e175-f52b-416a-8c06-e9284d4b3ed5/2021-05-20_162044//org.springframework.samples.petclinic.owner/PetType.java.html',1,0,'org.springframework.samples.petclinic.owner',36),(841,2,0,'VisitController.java','petclinic','https://k4a201.p.ssafy.io/static/coverage/5ef1e175-f52b-416a-8c06-e9284d4b3ed5/2021-05-20_162044//org.springframework.samples.petclinic.owner/VisitController.java.html',17,0,'org.springframework.samples.petclinic.owner',36),(842,0,0,'OwnerRepository.java','petclinic',NULL,0,0,'org.springframework.samples.petclinic.owner',36),(843,6,2,'PetValidator.java','petclinic','https://k4a201.p.ssafy.io/static/coverage/5ef1e175-f52b-416a-8c06-e9284d4b3ed5/2021-05-20_162044//org.springframework.samples.petclinic.owner/PetValidator.java.html',10,1,'org.springframework.samples.petclinic.owner',36),(844,0,0,'CrashController.java','petclinic','https://k4a201.p.ssafy.io/static/coverage/5ef1e175-f52b-416a-8c06-e9284d4b3ed5/2021-05-20_162044//org.springframework.samples.petclinic.system/CrashController.java.html',1,1,'org.springframework.samples.petclinic.system',36),(845,0,0,'CacheConfiguration.java','petclinic','https://k4a201.p.ssafy.io/static/coverage/5ef1e175-f52b-416a-8c06-e9284d4b3ed5/2021-05-20_162044//org.springframework.samples.petclinic.system/CacheConfiguration.java.html',5,0,'org.springframework.samples.petclinic.system',36),(846,0,0,'WelcomeController.java','petclinic','https://k4a201.p.ssafy.io/static/coverage/5ef1e175-f52b-416a-8c06-e9284d4b3ed5/2021-05-20_162044//org.springframework.samples.petclinic.system/WelcomeController.java.html',1,1,'org.springframework.samples.petclinic.system',36),(847,0,0,'PetClinicApplication.java','petclinic','https://k4a201.p.ssafy.io/static/coverage/5ef1e175-f52b-416a-8c06-e9284d4b3ed5/2021-05-20_162404//org.springframework.samples.petclinic/PetClinicApplication.java.html',1,2,'org.springframework.samples.petclinic',37),(848,2,0,'BaseEntity.java','petclinic','https://k4a201.p.ssafy.io/static/coverage/5ef1e175-f52b-416a-8c06-e9284d4b3ed5/2021-05-20_162404//org.springframework.samples.petclinic.model/BaseEntity.java.html',5,0,'org.springframework.samples.petclinic.model',37),(849,0,0,'NamedEntity.java','petclinic','https://k4a201.p.ssafy.io/static/coverage/5ef1e175-f52b-416a-8c06-e9284d4b3ed5/2021-05-20_162404//org.springframework.samples.petclinic.model/NamedEntity.java.html',5,0,'org.springframework.samples.petclinic.model',37),(850,0,0,'Person.java','petclinic','https://k4a201.p.ssafy.io/static/coverage/5ef1e175-f52b-416a-8c06-e9284d4b3ed5/2021-05-20_162404//org.springframework.samples.petclinic.model/Person.java.html',7,0,'org.springframework.samples.petclinic.model',37),(851,2,0,'Vet.java','petclinic','https://k4a201.p.ssafy.io/static/coverage/5ef1e175-f52b-416a-8c06-e9284d4b3ed5/2021-05-20_162404//org.springframework.samples.petclinic.vet/Vet.java.html',10,2,'org.springframework.samples.petclinic.vet',37),(852,2,0,'Vets.java','petclinic','https://k4a201.p.ssafy.io/static/coverage/5ef1e175-f52b-416a-8c06-e9284d4b3ed5/2021-05-20_162404//org.springframework.samples.petclinic.vet/Vets.java.html',4,0,'org.springframework.samples.petclinic.vet',37),(853,0,0,'Specialty.java','petclinic','https://k4a201.p.ssafy.io/static/coverage/5ef1e175-f52b-416a-8c06-e9284d4b3ed5/2021-05-20_162404//org.springframework.samples.petclinic.vet/Specialty.java.html',1,0,'org.springframework.samples.petclinic.vet',37),(854,0,0,'VetController.java','petclinic','https://k4a201.p.ssafy.io/static/coverage/5ef1e175-f52b-416a-8c06-e9284d4b3ed5/2021-05-20_162404//org.springframework.samples.petclinic.vet/VetController.java.html',10,0,'org.springframework.samples.petclinic.vet',37),(855,0,0,'VetRepository.java','petclinic',NULL,0,0,'org.springframework.samples.petclinic.vet',37),(856,0,0,'Visit.java','petclinic','https://k4a201.p.ssafy.io/static/coverage/5ef1e175-f52b-416a-8c06-e9284d4b3ed5/2021-05-20_162404//org.springframework.samples.petclinic.visit/Visit.java.html',12,0,'org.springframework.samples.petclinic.visit',37),(857,0,0,'VisitRepository.java','petclinic',NULL,0,0,'org.springframework.samples.petclinic.visit',37),(858,1,1,'Pet.java','petclinic','https://k4a201.p.ssafy.io/static/coverage/5ef1e175-f52b-416a-8c06-e9284d4b3ed5/2021-05-20_162404//org.springframework.samples.petclinic.owner/Pet.java.html',21,1,'org.springframework.samples.petclinic.owner',37),(859,7,3,'PetController.java','petclinic','https://k4a201.p.ssafy.io/static/coverage/5ef1e175-f52b-416a-8c06-e9284d4b3ed5/2021-05-20_162404//org.springframework.samples.petclinic.owner/PetController.java.html',31,1,'org.springframework.samples.petclinic.owner',37),(860,4,8,'Owner.java','petclinic','https://k4a201.p.ssafy.io/static/coverage/5ef1e175-f52b-416a-8c06-e9284d4b3ed5/2021-05-20_162404//org.springframework.samples.petclinic.owner/Owner.java.html',29,7,'org.springframework.samples.petclinic.owner',37),(861,0,0,'PetRepository.java','petclinic',NULL,0,0,'org.springframework.samples.petclinic.owner',37),(862,12,0,'OwnerController.java','petclinic','https://k4a201.p.ssafy.io/static/coverage/5ef1e175-f52b-416a-8c06-e9284d4b3ed5/2021-05-20_162404//org.springframework.samples.petclinic.owner/OwnerController.java.html',41,0,'org.springframework.samples.petclinic.owner',37),(863,4,0,'PetTypeFormatter.java','petclinic','https://k4a201.p.ssafy.io/static/coverage/5ef1e175-f52b-416a-8c06-e9284d4b3ed5/2021-05-20_162404//org.springframework.samples.petclinic.owner/PetTypeFormatter.java.html',10,0,'org.springframework.samples.petclinic.owner',37),(864,0,0,'PetType.java','petclinic','https://k4a201.p.ssafy.io/static/coverage/5ef1e175-f52b-416a-8c06-e9284d4b3ed5/2021-05-20_162404//org.springframework.samples.petclinic.owner/PetType.java.html',1,0,'org.springframework.samples.petclinic.owner',37),(865,2,0,'VisitController.java','petclinic','https://k4a201.p.ssafy.io/static/coverage/5ef1e175-f52b-416a-8c06-e9284d4b3ed5/2021-05-20_162404//org.springframework.samples.petclinic.owner/VisitController.java.html',17,0,'org.springframework.samples.petclinic.owner',37),(866,0,0,'OwnerRepository.java','petclinic',NULL,0,0,'org.springframework.samples.petclinic.owner',37),(867,6,2,'PetValidator.java','petclinic','https://k4a201.p.ssafy.io/static/coverage/5ef1e175-f52b-416a-8c06-e9284d4b3ed5/2021-05-20_162404//org.springframework.samples.petclinic.owner/PetValidator.java.html',10,1,'org.springframework.samples.petclinic.owner',37),(868,0,0,'CrashController.java','petclinic','https://k4a201.p.ssafy.io/static/coverage/5ef1e175-f52b-416a-8c06-e9284d4b3ed5/2021-05-20_162404//org.springframework.samples.petclinic.system/CrashController.java.html',1,1,'org.springframework.samples.petclinic.system',37),(869,0,0,'CacheConfiguration.java','petclinic','https://k4a201.p.ssafy.io/static/coverage/5ef1e175-f52b-416a-8c06-e9284d4b3ed5/2021-05-20_162404//org.springframework.samples.petclinic.system/CacheConfiguration.java.html',5,0,'org.springframework.samples.petclinic.system',37),(870,0,0,'WelcomeController.java','petclinic','https://k4a201.p.ssafy.io/static/coverage/5ef1e175-f52b-416a-8c06-e9284d4b3ed5/2021-05-20_162404//org.springframework.samples.petclinic.system/WelcomeController.java.html',1,1,'org.springframework.samples.petclinic.system',37),(871,0,0,'PetClinicApplication.java','petclinic','https://k4a201.p.ssafy.io/static/coverage/5ef1e175-f52b-416a-8c06-e9284d4b3ed5/2021-05-20_162542//org.springframework.samples.petclinic/PetClinicApplication.java.html',1,2,'org.springframework.samples.petclinic',38),(872,2,0,'BaseEntity.java','petclinic','https://k4a201.p.ssafy.io/static/coverage/5ef1e175-f52b-416a-8c06-e9284d4b3ed5/2021-05-20_162542//org.springframework.samples.petclinic.model/BaseEntity.java.html',5,0,'org.springframework.samples.petclinic.model',38),(873,0,0,'NamedEntity.java','petclinic','https://k4a201.p.ssafy.io/static/coverage/5ef1e175-f52b-416a-8c06-e9284d4b3ed5/2021-05-20_162542//org.springframework.samples.petclinic.model/NamedEntity.java.html',5,0,'org.springframework.samples.petclinic.model',38),(874,0,0,'Person.java','petclinic','https://k4a201.p.ssafy.io/static/coverage/5ef1e175-f52b-416a-8c06-e9284d4b3ed5/2021-05-20_162542//org.springframework.samples.petclinic.model/Person.java.html',7,0,'org.springframework.samples.petclinic.model',38),(875,2,0,'Vet.java','petclinic','https://k4a201.p.ssafy.io/static/coverage/5ef1e175-f52b-416a-8c06-e9284d4b3ed5/2021-05-20_162542//org.springframework.samples.petclinic.vet/Vet.java.html',10,2,'org.springframework.samples.petclinic.vet',38),(876,2,0,'Vets.java','petclinic','https://k4a201.p.ssafy.io/static/coverage/5ef1e175-f52b-416a-8c06-e9284d4b3ed5/2021-05-20_162542//org.springframework.samples.petclinic.vet/Vets.java.html',4,0,'org.springframework.samples.petclinic.vet',38),(877,0,0,'Specialty.java','petclinic','https://k4a201.p.ssafy.io/static/coverage/5ef1e175-f52b-416a-8c06-e9284d4b3ed5/2021-05-20_162542//org.springframework.samples.petclinic.vet/Specialty.java.html',1,0,'org.springframework.samples.petclinic.vet',38),(878,0,0,'VetController.java','petclinic','https://k4a201.p.ssafy.io/static/coverage/5ef1e175-f52b-416a-8c06-e9284d4b3ed5/2021-05-20_162542//org.springframework.samples.petclinic.vet/VetController.java.html',10,0,'org.springframework.samples.petclinic.vet',38),(879,0,0,'VetRepository.java','petclinic',NULL,0,0,'org.springframework.samples.petclinic.vet',38),(880,0,0,'Visit.java','petclinic','https://k4a201.p.ssafy.io/static/coverage/5ef1e175-f52b-416a-8c06-e9284d4b3ed5/2021-05-20_162542//org.springframework.samples.petclinic.visit/Visit.java.html',12,0,'org.springframework.samples.petclinic.visit',38),(881,0,0,'VisitRepository.java','petclinic',NULL,0,0,'org.springframework.samples.petclinic.visit',38),(882,1,1,'Pet.java','petclinic','https://k4a201.p.ssafy.io/static/coverage/5ef1e175-f52b-416a-8c06-e9284d4b3ed5/2021-05-20_162542//org.springframework.samples.petclinic.owner/Pet.java.html',21,1,'org.springframework.samples.petclinic.owner',38),(883,7,3,'PetController.java','petclinic','https://k4a201.p.ssafy.io/static/coverage/5ef1e175-f52b-416a-8c06-e9284d4b3ed5/2021-05-20_162542//org.springframework.samples.petclinic.owner/PetController.java.html',31,1,'org.springframework.samples.petclinic.owner',38),(884,4,8,'Owner.java','petclinic','https://k4a201.p.ssafy.io/static/coverage/5ef1e175-f52b-416a-8c06-e9284d4b3ed5/2021-05-20_162542//org.springframework.samples.petclinic.owner/Owner.java.html',29,7,'org.springframework.samples.petclinic.owner',38),(885,0,0,'PetRepository.java','petclinic',NULL,0,0,'org.springframework.samples.petclinic.owner',38),(886,12,0,'OwnerController.java','petclinic','https://k4a201.p.ssafy.io/static/coverage/5ef1e175-f52b-416a-8c06-e9284d4b3ed5/2021-05-20_162542//org.springframework.samples.petclinic.owner/OwnerController.java.html',41,0,'org.springframework.samples.petclinic.owner',38),(887,4,0,'PetTypeFormatter.java','petclinic','https://k4a201.p.ssafy.io/static/coverage/5ef1e175-f52b-416a-8c06-e9284d4b3ed5/2021-05-20_162542//org.springframework.samples.petclinic.owner/PetTypeFormatter.java.html',10,0,'org.springframework.samples.petclinic.owner',38),(888,0,0,'PetType.java','petclinic','https://k4a201.p.ssafy.io/static/coverage/5ef1e175-f52b-416a-8c06-e9284d4b3ed5/2021-05-20_162542//org.springframework.samples.petclinic.owner/PetType.java.html',1,0,'org.springframework.samples.petclinic.owner',38),(889,2,0,'VisitController.java','petclinic','https://k4a201.p.ssafy.io/static/coverage/5ef1e175-f52b-416a-8c06-e9284d4b3ed5/2021-05-20_162542//org.springframework.samples.petclinic.owner/VisitController.java.html',17,0,'org.springframework.samples.petclinic.owner',38),(890,0,0,'OwnerRepository.java','petclinic',NULL,0,0,'org.springframework.samples.petclinic.owner',38),(891,6,2,'PetValidator.java','petclinic','https://k4a201.p.ssafy.io/static/coverage/5ef1e175-f52b-416a-8c06-e9284d4b3ed5/2021-05-20_162542//org.springframework.samples.petclinic.owner/PetValidator.java.html',10,1,'org.springframework.samples.petclinic.owner',38),(892,0,0,'CrashController.java','petclinic','https://k4a201.p.ssafy.io/static/coverage/5ef1e175-f52b-416a-8c06-e9284d4b3ed5/2021-05-20_162542//org.springframework.samples.petclinic.system/CrashController.java.html',1,1,'org.springframework.samples.petclinic.system',38),(893,0,0,'CacheConfiguration.java','petclinic','https://k4a201.p.ssafy.io/static/coverage/5ef1e175-f52b-416a-8c06-e9284d4b3ed5/2021-05-20_162542//org.springframework.samples.petclinic.system/CacheConfiguration.java.html',5,0,'org.springframework.samples.petclinic.system',38),(894,0,0,'WelcomeController.java','petclinic','https://k4a201.p.ssafy.io/static/coverage/5ef1e175-f52b-416a-8c06-e9284d4b3ed5/2021-05-20_162542//org.springframework.samples.petclinic.system/WelcomeController.java.html',1,1,'org.springframework.samples.petclinic.system',38),(895,0,0,'PetClinicApplication.java','petclinic','https://k4a201.p.ssafy.io/static/coverage/5ef1e175-f52b-416a-8c06-e9284d4b3ed5/2021-05-20_162713//org.springframework.samples.petclinic/PetClinicApplication.java.html',1,2,'org.springframework.samples.petclinic',39),(896,2,0,'BaseEntity.java','petclinic','https://k4a201.p.ssafy.io/static/coverage/5ef1e175-f52b-416a-8c06-e9284d4b3ed5/2021-05-20_162713//org.springframework.samples.petclinic.model/BaseEntity.java.html',5,0,'org.springframework.samples.petclinic.model',39),(897,0,0,'NamedEntity.java','petclinic','https://k4a201.p.ssafy.io/static/coverage/5ef1e175-f52b-416a-8c06-e9284d4b3ed5/2021-05-20_162713//org.springframework.samples.petclinic.model/NamedEntity.java.html',5,0,'org.springframework.samples.petclinic.model',39),(898,0,0,'Person.java','petclinic','https://k4a201.p.ssafy.io/static/coverage/5ef1e175-f52b-416a-8c06-e9284d4b3ed5/2021-05-20_162713//org.springframework.samples.petclinic.model/Person.java.html',7,0,'org.springframework.samples.petclinic.model',39),(899,2,0,'Vet.java','petclinic','https://k4a201.p.ssafy.io/static/coverage/5ef1e175-f52b-416a-8c06-e9284d4b3ed5/2021-05-20_162713//org.springframework.samples.petclinic.vet/Vet.java.html',10,2,'org.springframework.samples.petclinic.vet',39),(900,2,0,'Vets.java','petclinic','https://k4a201.p.ssafy.io/static/coverage/5ef1e175-f52b-416a-8c06-e9284d4b3ed5/2021-05-20_162713//org.springframework.samples.petclinic.vet/Vets.java.html',4,0,'org.springframework.samples.petclinic.vet',39),(901,0,0,'Specialty.java','petclinic','https://k4a201.p.ssafy.io/static/coverage/5ef1e175-f52b-416a-8c06-e9284d4b3ed5/2021-05-20_162713//org.springframework.samples.petclinic.vet/Specialty.java.html',1,0,'org.springframework.samples.petclinic.vet',39),(902,0,0,'VetController.java','petclinic','https://k4a201.p.ssafy.io/static/coverage/5ef1e175-f52b-416a-8c06-e9284d4b3ed5/2021-05-20_162713//org.springframework.samples.petclinic.vet/VetController.java.html',10,0,'org.springframework.samples.petclinic.vet',39),(903,0,0,'VetRepository.java','petclinic',NULL,0,0,'org.springframework.samples.petclinic.vet',39),(904,0,0,'Visit.java','petclinic','https://k4a201.p.ssafy.io/static/coverage/5ef1e175-f52b-416a-8c06-e9284d4b3ed5/2021-05-20_162713//org.springframework.samples.petclinic.visit/Visit.java.html',12,0,'org.springframework.samples.petclinic.visit',39),(905,0,0,'VisitRepository.java','petclinic',NULL,0,0,'org.springframework.samples.petclinic.visit',39),(906,1,1,'Pet.java','petclinic','https://k4a201.p.ssafy.io/static/coverage/5ef1e175-f52b-416a-8c06-e9284d4b3ed5/2021-05-20_162713//org.springframework.samples.petclinic.owner/Pet.java.html',21,1,'org.springframework.samples.petclinic.owner',39),(907,7,3,'PetController.java','petclinic','https://k4a201.p.ssafy.io/static/coverage/5ef1e175-f52b-416a-8c06-e9284d4b3ed5/2021-05-20_162713//org.springframework.samples.petclinic.owner/PetController.java.html',31,1,'org.springframework.samples.petclinic.owner',39),(908,4,8,'Owner.java','petclinic','https://k4a201.p.ssafy.io/static/coverage/5ef1e175-f52b-416a-8c06-e9284d4b3ed5/2021-05-20_162713//org.springframework.samples.petclinic.owner/Owner.java.html',29,7,'org.springframework.samples.petclinic.owner',39),(909,0,0,'PetRepository.java','petclinic',NULL,0,0,'org.springframework.samples.petclinic.owner',39),(910,12,0,'OwnerController.java','petclinic','https://k4a201.p.ssafy.io/static/coverage/5ef1e175-f52b-416a-8c06-e9284d4b3ed5/2021-05-20_162713//org.springframework.samples.petclinic.owner/OwnerController.java.html',41,0,'org.springframework.samples.petclinic.owner',39),(911,4,0,'PetTypeFormatter.java','petclinic','https://k4a201.p.ssafy.io/static/coverage/5ef1e175-f52b-416a-8c06-e9284d4b3ed5/2021-05-20_162713//org.springframework.samples.petclinic.owner/PetTypeFormatter.java.html',10,0,'org.springframework.samples.petclinic.owner',39),(912,0,0,'PetType.java','petclinic','https://k4a201.p.ssafy.io/static/coverage/5ef1e175-f52b-416a-8c06-e9284d4b3ed5/2021-05-20_162713//org.springframework.samples.petclinic.owner/PetType.java.html',1,0,'org.springframework.samples.petclinic.owner',39),(913,2,0,'VisitController.java','petclinic','https://k4a201.p.ssafy.io/static/coverage/5ef1e175-f52b-416a-8c06-e9284d4b3ed5/2021-05-20_162713//org.springframework.samples.petclinic.owner/VisitController.java.html',17,0,'org.springframework.samples.petclinic.owner',39),(914,0,0,'OwnerRepository.java','petclinic',NULL,0,0,'org.springframework.samples.petclinic.owner',39),(915,6,2,'PetValidator.java','petclinic','https://k4a201.p.ssafy.io/static/coverage/5ef1e175-f52b-416a-8c06-e9284d4b3ed5/2021-05-20_162713//org.springframework.samples.petclinic.owner/PetValidator.java.html',10,1,'org.springframework.samples.petclinic.owner',39),(916,0,0,'CrashController.java','petclinic','https://k4a201.p.ssafy.io/static/coverage/5ef1e175-f52b-416a-8c06-e9284d4b3ed5/2021-05-20_162713//org.springframework.samples.petclinic.system/CrashController.java.html',1,1,'org.springframework.samples.petclinic.system',39),(917,0,0,'CacheConfiguration.java','petclinic','https://k4a201.p.ssafy.io/static/coverage/5ef1e175-f52b-416a-8c06-e9284d4b3ed5/2021-05-20_162713//org.springframework.samples.petclinic.system/CacheConfiguration.java.html',5,0,'org.springframework.samples.petclinic.system',39),(918,0,0,'WelcomeController.java','petclinic','https://k4a201.p.ssafy.io/static/coverage/5ef1e175-f52b-416a-8c06-e9284d4b3ed5/2021-05-20_162713//org.springframework.samples.petclinic.system/WelcomeController.java.html',1,1,'org.springframework.samples.petclinic.system',39),(919,0,0,'PetClinicApplication.java','petclinic','https://k4a201.p.ssafy.io/static/coverage/5ef1e175-f52b-416a-8c06-e9284d4b3ed5/2021-05-20_162903//org.springframework.samples.petclinic/PetClinicApplication.java.html',1,2,'org.springframework.samples.petclinic',40),(920,2,0,'BaseEntity.java','petclinic','https://k4a201.p.ssafy.io/static/coverage/5ef1e175-f52b-416a-8c06-e9284d4b3ed5/2021-05-20_162903//org.springframework.samples.petclinic.model/BaseEntity.java.html',5,0,'org.springframework.samples.petclinic.model',40),(921,0,0,'NamedEntity.java','petclinic','https://k4a201.p.ssafy.io/static/coverage/5ef1e175-f52b-416a-8c06-e9284d4b3ed5/2021-05-20_162903//org.springframework.samples.petclinic.model/NamedEntity.java.html',5,0,'org.springframework.samples.petclinic.model',40),(922,0,0,'Person.java','petclinic','https://k4a201.p.ssafy.io/static/coverage/5ef1e175-f52b-416a-8c06-e9284d4b3ed5/2021-05-20_162903//org.springframework.samples.petclinic.model/Person.java.html',7,0,'org.springframework.samples.petclinic.model',40),(923,2,0,'Vet.java','petclinic','https://k4a201.p.ssafy.io/static/coverage/5ef1e175-f52b-416a-8c06-e9284d4b3ed5/2021-05-20_162903//org.springframework.samples.petclinic.vet/Vet.java.html',10,2,'org.springframework.samples.petclinic.vet',40),(924,2,0,'Vets.java','petclinic','https://k4a201.p.ssafy.io/static/coverage/5ef1e175-f52b-416a-8c06-e9284d4b3ed5/2021-05-20_162903//org.springframework.samples.petclinic.vet/Vets.java.html',4,0,'org.springframework.samples.petclinic.vet',40),(925,0,0,'Specialty.java','petclinic','https://k4a201.p.ssafy.io/static/coverage/5ef1e175-f52b-416a-8c06-e9284d4b3ed5/2021-05-20_162903//org.springframework.samples.petclinic.vet/Specialty.java.html',1,0,'org.springframework.samples.petclinic.vet',40),(926,0,0,'VetController.java','petclinic','https://k4a201.p.ssafy.io/static/coverage/5ef1e175-f52b-416a-8c06-e9284d4b3ed5/2021-05-20_162903//org.springframework.samples.petclinic.vet/VetController.java.html',10,0,'org.springframework.samples.petclinic.vet',40),(927,0,0,'VetRepository.java','petclinic',NULL,0,0,'org.springframework.samples.petclinic.vet',40),(928,0,0,'Visit.java','petclinic','https://k4a201.p.ssafy.io/static/coverage/5ef1e175-f52b-416a-8c06-e9284d4b3ed5/2021-05-20_162903//org.springframework.samples.petclinic.visit/Visit.java.html',12,0,'org.springframework.samples.petclinic.visit',40),(929,0,0,'VisitRepository.java','petclinic',NULL,0,0,'org.springframework.samples.petclinic.visit',40),(930,1,1,'Pet.java','petclinic','https://k4a201.p.ssafy.io/static/coverage/5ef1e175-f52b-416a-8c06-e9284d4b3ed5/2021-05-20_162903//org.springframework.samples.petclinic.owner/Pet.java.html',21,1,'org.springframework.samples.petclinic.owner',40),(931,7,3,'PetController.java','petclinic','https://k4a201.p.ssafy.io/static/coverage/5ef1e175-f52b-416a-8c06-e9284d4b3ed5/2021-05-20_162903//org.springframework.samples.petclinic.owner/PetController.java.html',31,1,'org.springframework.samples.petclinic.owner',40),(932,4,8,'Owner.java','petclinic','https://k4a201.p.ssafy.io/static/coverage/5ef1e175-f52b-416a-8c06-e9284d4b3ed5/2021-05-20_162903//org.springframework.samples.petclinic.owner/Owner.java.html',29,7,'org.springframework.samples.petclinic.owner',40),(933,0,0,'PetRepository.java','petclinic',NULL,0,0,'org.springframework.samples.petclinic.owner',40),(934,12,0,'OwnerController.java','petclinic','https://k4a201.p.ssafy.io/static/coverage/5ef1e175-f52b-416a-8c06-e9284d4b3ed5/2021-05-20_162903//org.springframework.samples.petclinic.owner/OwnerController.java.html',41,0,'org.springframework.samples.petclinic.owner',40),(935,4,0,'PetTypeFormatter.java','petclinic','https://k4a201.p.ssafy.io/static/coverage/5ef1e175-f52b-416a-8c06-e9284d4b3ed5/2021-05-20_162903//org.springframework.samples.petclinic.owner/PetTypeFormatter.java.html',10,0,'org.springframework.samples.petclinic.owner',40),(936,0,0,'PetType.java','petclinic','https://k4a201.p.ssafy.io/static/coverage/5ef1e175-f52b-416a-8c06-e9284d4b3ed5/2021-05-20_162903//org.springframework.samples.petclinic.owner/PetType.java.html',1,0,'org.springframework.samples.petclinic.owner',40),(937,2,0,'VisitController.java','petclinic','https://k4a201.p.ssafy.io/static/coverage/5ef1e175-f52b-416a-8c06-e9284d4b3ed5/2021-05-20_162903//org.springframework.samples.petclinic.owner/VisitController.java.html',17,0,'org.springframework.samples.petclinic.owner',40),(938,0,0,'OwnerRepository.java','petclinic',NULL,0,0,'org.springframework.samples.petclinic.owner',40),(939,6,2,'PetValidator.java','petclinic','https://k4a201.p.ssafy.io/static/coverage/5ef1e175-f52b-416a-8c06-e9284d4b3ed5/2021-05-20_162903//org.springframework.samples.petclinic.owner/PetValidator.java.html',10,1,'org.springframework.samples.petclinic.owner',40),(940,0,0,'CrashController.java','petclinic','https://k4a201.p.ssafy.io/static/coverage/5ef1e175-f52b-416a-8c06-e9284d4b3ed5/2021-05-20_162903//org.springframework.samples.petclinic.system/CrashController.java.html',1,1,'org.springframework.samples.petclinic.system',40),(941,0,0,'CacheConfiguration.java','petclinic','https://k4a201.p.ssafy.io/static/coverage/5ef1e175-f52b-416a-8c06-e9284d4b3ed5/2021-05-20_162903//org.springframework.samples.petclinic.system/CacheConfiguration.java.html',5,0,'org.springframework.samples.petclinic.system',40),(942,0,0,'WelcomeController.java','petclinic','https://k4a201.p.ssafy.io/static/coverage/5ef1e175-f52b-416a-8c06-e9284d4b3ed5/2021-05-20_162903//org.springframework.samples.petclinic.system/WelcomeController.java.html',1,1,'org.springframework.samples.petclinic.system',40);
/*!40000 ALTER TABLE `coverage` ENABLE KEYS */;
UNLOCK TABLES;

--
-- Table structure for table `department`
--

DROP TABLE IF EXISTS `department`;
/*!40101 SET @saved_cs_client     = @@character_set_client */;
/*!50503 SET character_set_client = utf8mb4 */;
CREATE TABLE `department` (
  `id` int NOT NULL AUTO_INCREMENT,
  `name` varchar(255) DEFAULT NULL,
  PRIMARY KEY (`id`)
) ENGINE=InnoDB AUTO_INCREMENT=4 DEFAULT CHARSET=utf8mb4 COLLATE=utf8mb4_0900_ai_ci;
/*!40101 SET character_set_client = @saved_cs_client */;

--
-- Dumping data for table `department`
--

LOCK TABLES `department` WRITE;
/*!40000 ALTER TABLE `department` DISABLE KEYS */;
INSERT INTO `department` VALUES (1,''),(2,''),(3,'');
/*!40000 ALTER TABLE `department` ENABLE KEYS */;
UNLOCK TABLES;

--
-- Table structure for table `hibernate_sequence`
--

DROP TABLE IF EXISTS `hibernate_sequence`;
/*!40101 SET @saved_cs_client     = @@character_set_client */;
/*!50503 SET character_set_client = utf8mb4 */;
CREATE TABLE `hibernate_sequence` (
  `next_val` bigint DEFAULT NULL
) ENGINE=InnoDB DEFAULT CHARSET=utf8mb4 COLLATE=utf8mb4_0900_ai_ci;
/*!40101 SET character_set_client = @saved_cs_client */;

--
-- Dumping data for table `hibernate_sequence`
--

LOCK TABLES `hibernate_sequence` WRITE;
/*!40000 ALTER TABLE `hibernate_sequence` DISABLE KEYS */;
INSERT INTO `hibernate_sequence` VALUES (1);
/*!40000 ALTER TABLE `hibernate_sequence` ENABLE KEYS */;
UNLOCK TABLES;

--
-- Table structure for table `project`
--

DROP TABLE IF EXISTS `project`;
/*!40101 SET @saved_cs_client     = @@character_set_client */;
/*!50503 SET character_set_client = utf8mb4 */;
CREATE TABLE `project` (
  `id` bigint NOT NULL AUTO_INCREMENT,
  `description` varchar(255) DEFAULT NULL,
  `reg_date` datetime DEFAULT NULL,
  `title` varchar(255) DEFAULT NULL,
  `department_id` int DEFAULT NULL,
  `department` varchar(255) DEFAULT NULL,
  PRIMARY KEY (`id`),
  KEY `FKl7ga8i4ry2amd4mb525tdmjf6` (`department_id`),
  CONSTRAINT `FKl7ga8i4ry2amd4mb525tdmjf6` FOREIGN KEY (`department_id`) REFERENCES `department` (`id`)
) ENGINE=InnoDB AUTO_INCREMENT=21 DEFAULT CHARSET=utf8mb4 COLLATE=utf8mb4_0900_ai_ci;
/*!40101 SET character_set_client = @saved_cs_client */;

--
-- Dumping data for table `project`
--

LOCK TABLES `project` WRITE;
/*!40000 ALTER TABLE `project` DISABLE KEYS */;
INSERT INTO `project` VALUES (1,'Test Example Project','2021-05-17 05:29:45','Spring Petclinic Project',1,NULL),(16,'Spring Boot + MongoDB Connection Test','2021-05-20 02:15:49','Spring Boot + MongoDB Connect',1,NULL),(18,'SSAFY Last Project','2021-05-20 05:58:15','TmiProject',1,NULL);
/*!40000 ALTER TABLE `project` ENABLE KEYS */;
UNLOCK TABLES;

--
-- Table structure for table `report`
--

DROP TABLE IF EXISTS `report`;
/*!40101 SET @saved_cs_client     = @@character_set_client */;
/*!50503 SET character_set_client = utf8mb4 */;
CREATE TABLE `report` (
  `id` bigint NOT NULL AUTO_INCREMENT,
  `datetime` datetime DEFAULT NULL,
  `total_branch_cov_covered` int NOT NULL,
  `total_branch_cov_missed` int NOT NULL,
  `total_elapsed_time` int NOT NULL,
  `total_error_count` int NOT NULL,
  `total_fail_count` int NOT NULL,
  `total_line_cov_covered` int NOT NULL,
  `total_line_cov_missed` int NOT NULL,
  `total_run_count` int NOT NULL,
  `total_skip_count` int NOT NULL,
  `app_id` varchar(255) DEFAULT NULL,
  PRIMARY KEY (`id`),
  KEY `FKlu0heogws02ux709hy9fjtgdl` (`app_id`),
  CONSTRAINT `FKlu0heogws02ux709hy9fjtgdl` FOREIGN KEY (`app_id`) REFERENCES `app` (`id`)
) ENGINE=InnoDB AUTO_INCREMENT=43 DEFAULT CHARSET=utf8mb4 COLLATE=utf8mb4_0900_ai_ci;
/*!40101 SET character_set_client = @saved_cs_client */;

--
-- Dumping data for table `report`
--

LOCK TABLES `report` WRITE;
/*!40000 ALTER TABLE `report` DISABLE KEYS */;
INSERT INTO `report` VALUES (7,'2021-05-17 17:43:36',14,38,177,0,0,304,38,9,0,'5bce3ade-5013-41e1-ac51-6cfaa1ac5ef4'),(24,'2021-05-20 13:15:06',0,6,235,0,0,19,6,1,0,'75f0040c-4ac4-4f2c-8b31-3915c11b1bce'),(25,'2021-05-20 13:17:40',0,6,651,0,0,29,6,6,0,'75f0040c-4ac4-4f2c-8b31-3915c11b1bce'),(26,'2021-05-20 13:43:01',42,14,2963,0,10,222,14,29,1,'5ef1e175-f52b-416a-8c06-e9284d4b3ed5'),(27,'2021-05-20 13:44:33',42,14,2805,0,8,222,14,31,1,'5ef1e175-f52b-416a-8c06-e9284d4b3ed5'),(28,'2021-05-20 13:45:32',42,14,2801,0,6,222,14,33,1,'5ef1e175-f52b-416a-8c06-e9284d4b3ed5'),(29,'2021-05-20 13:46:43',42,14,2817,0,0,222,14,39,1,'5ef1e175-f52b-416a-8c06-e9284d4b3ed5'),(30,'2021-05-20 14:30:16',42,14,2850,0,0,222,14,39,1,'5ef1e175-f52b-416a-8c06-e9284d4b3ed5'),(31,'2021-05-20 15:13:14',0,218,108,0,0,68,218,6,0,'1e91240c-32cc-4c30-9e0f-6151bc378ca6'),(32,'2021-05-20 15:58:56',42,14,2416,0,0,222,14,39,1,'5ef1e175-f52b-416a-8c06-e9284d4b3ed5'),(33,'2021-05-20 16:00:26',42,14,2569,0,0,222,14,39,1,'5ef1e175-f52b-416a-8c06-e9284d4b3ed5'),(34,'2021-05-20 16:13:50',42,14,13275,0,0,222,14,39,1,'5ef1e175-f52b-416a-8c06-e9284d4b3ed5'),(35,'2021-05-20 16:19:48',42,14,12866,0,0,222,14,39,1,'5ef1e175-f52b-416a-8c06-e9284d4b3ed5'),(36,'2021-05-20 16:20:44',42,14,3104,0,3,222,14,36,1,'5ef1e175-f52b-416a-8c06-e9284d4b3ed5'),(37,'2021-05-20 16:24:04',42,14,3100,0,5,222,14,34,1,'5ef1e175-f52b-416a-8c06-e9284d4b3ed5'),(38,'2021-05-20 16:25:42',42,14,2910,0,5,222,14,34,1,'5ef1e175-f52b-416a-8c06-e9284d4b3ed5'),(39,'2021-05-20 16:27:13',42,14,2974,0,3,222,14,36,1,'5ef1e175-f52b-416a-8c06-e9284d4b3ed5'),(40,'2021-05-20 16:29:03',42,14,2369,0,0,222,14,39,1,'5ef1e175-f52b-416a-8c06-e9284d4b3ed5');
/*!40000 ALTER TABLE `report` ENABLE KEYS */;
UNLOCK TABLES;

--
-- Table structure for table `test`
--

DROP TABLE IF EXISTS `test`;
/*!40101 SET @saved_cs_client     = @@character_set_client */;
/*!50503 SET character_set_client = utf8mb4 */;
CREATE TABLE `test` (
  `id` bigint NOT NULL AUTO_INCREMENT,
  `elapsed_time` int NOT NULL,
  `error_message` varchar(5000) DEFAULT NULL,
  `error_type` varchar(255) DEFAULT NULL,
  `name` varchar(255) DEFAULT NULL,
  `type` varchar(255) DEFAULT NULL,
  `report_id` bigint DEFAULT NULL,
  PRIMARY KEY (`id`),
  KEY `FKhiyc2yvgl4a8g7k5vbrqafewo` (`report_id`),
  CONSTRAINT `FKhiyc2yvgl4a8g7k5vbrqafewo` FOREIGN KEY (`report_id`) REFERENCES `report` (`id`)
) ENGINE=InnoDB AUTO_INCREMENT=1018 DEFAULT CHARSET=utf8mb4 COLLATE=utf8mb4_0900_ai_ci;
/*!40101 SET character_set_client = @saved_cs_client */;

--
-- Dumping data for table `test`
--

LOCK TABLES `test` WRITE;
/*!40000 ALTER TABLE `test` DISABLE KEYS */;
INSERT INTO `test` VALUES (121,141,NULL,NULL,'addItemWhenIsInStockIsFalse','pass',7),(122,16,NULL,NULL,'removeItemByIdWhenItemFound','pass',7),(123,1,NULL,NULL,'setQuantityByItemId','pass',7),(124,0,NULL,NULL,'removeItemByIdWhenItemNotFound','pass',7),(125,1,NULL,NULL,'getSubTotalWhenItemIsEmpty','pass',7),(126,0,NULL,NULL,'getSubTotalWhenItemIsExist','pass',7),(127,0,NULL,NULL,'incrementQuantityByItemId','pass',7),(128,1,NULL,NULL,'addItemWhenIsInStockIsTrue','pass',7),(129,17,NULL,NULL,'initOrder','pass',7),(443,235,NULL,NULL,'contextLoads','pass',24),(444,540,NULL,NULL,'testGetCustomers','pass',25),(445,5,NULL,NULL,'contextLoads','pass',25),(446,40,NULL,NULL,'change','pass',25),(447,35,NULL,NULL,'delete','pass',25),(448,5,NULL,NULL,'select','pass',25),(449,26,NULL,NULL,'save','pass',25),(450,946,NULL,NULL,'shouldNotValidateWhenFirstNameEmpty','pass',26),(451,743,'View name expected:<owners/createOrUpdateOwnerFor> but was:<owners/createOrUpdateOwnerForm>java.lang.AssertionError: View name expected:<owners/createOrUpdateOwnerFor> but was:<owners/createOrUpdateOwnerForm> \r\nat org.springframework.samples.petclinic.owner.OwnerControllerTests.testProcessUpdateOwnerFormHasErrors(OwnerControllerTests.java:167)',NULL,'testProcessUpdateOwnerFormHasErrors','fail',26),(452,9,NULL,NULL,'testProcessCreationFormSuccess','pass',26),(453,37,NULL,NULL,'testInitFindForm','pass',26),(454,84,'View name expected:<owners/ownerDetail> but was:<owners/ownerDetails>java.lang.AssertionError: View name expected:<owners/ownerDetail> but was:<owners/ownerDetails> \r\nat org.springframework.samples.petclinic.owner.OwnerControllerTests.testShowOwner(OwnerControllerTests.java:196)',NULL,'testShowOwner','fail',26),(455,32,'View name expected:<owners/createOrUpdateOwnerFor> but was:<owners/createOrUpdateOwnerForm>java.lang.AssertionError: View name expected:<owners/createOrUpdateOwnerFor> but was:<owners/createOrUpdateOwnerForm> \r\nat org.springframework.samples.petclinic.owner.OwnerControllerTests.testInitUpdateOwnerForm(OwnerControllerTests.java:149)',NULL,'testInitUpdateOwnerForm','fail',26),(456,33,'View name expected:<owners/createOrUpdateOwnerFor> but was:<owners/createOrUpdateOwnerForm>java.lang.AssertionError: View name expected:<owners/createOrUpdateOwnerFor> but was:<owners/createOrUpdateOwnerForm> \r\nat org.springframework.samples.petclinic.owner.OwnerControllerTests.testInitCreationForm(OwnerControllerTests.java:93)',NULL,'testInitCreationForm','fail',26),(457,0,NULL,NULL,'testProcessFindFormByLastName','pass',26),(458,38,'View name expected:<owners/findOwner> but was:<owners/findOwners>java.lang.AssertionError: View name expected:<owners/findOwner> but was:<owners/findOwners> \r\nat org.springframework.samples.petclinic.owner.OwnerControllerTests.testProcessFindFormNoOwnersFound(OwnerControllerTests.java:137)',NULL,'testProcessFindFormNoOwnersFound','fail',26),(459,34,NULL,NULL,'testProcessFindFormSuccess','pass',26),(460,10,NULL,NULL,'testProcessUpdateOwnerFormSuccess','pass',26),(461,35,'View name expected:<owners/createOrUpdateOwnerFor> but was:<owners/createOrUpdateOwnerForm>java.lang.AssertionError: View name expected:<owners/createOrUpdateOwnerFor> but was:<owners/createOrUpdateOwnerForm> \r\nat org.springframework.samples.petclinic.owner.OwnerControllerTests.testProcessCreationFormHasErrors(OwnerControllerTests.java:110)',NULL,'testProcessCreationFormHasErrors','fail',26),(462,24,NULL,NULL,'testProcessCreationFormSuccess','pass',26),(463,10,NULL,NULL,'testProcessUpdateFormSuccess','pass',26),(464,69,NULL,NULL,'testInitUpdateForm','pass',26),(465,16,NULL,NULL,'testInitCreationForm','pass',26),(466,18,NULL,NULL,'testProcessCreationFormHasErrors','pass',26),(467,17,NULL,NULL,'testProcessUpdateFormHasErrors','pass',26),(468,32,NULL,NULL,'shouldThrowParseException','pass',26),(469,8,'Expecting: <\"Hamster\"> to be equal to: <\"Hamste\"> but was not.org.opentest4j.AssertionFailedError: \r\nExpecting: \r\n<\"Hamster\"> \r\nto be equal to: \r\n<\"Hamste\"> \r\nbut was not. \r\nat org.springframework.samples.petclinic.owner.PetTypeFormatterTests.testPrint(PetTypeFormatterTests.java:58)',NULL,'testPrint','fail',26),(470,2,'Expecting: <\"Bird\"> to be equal to: <\"Bir\"> but was not.org.opentest4j.AssertionFailedError: \r\nExpecting: \r\n<\"Bird\"> \r\nto be equal to: \r\n<\"Bir\"> \r\nbut was not. \r\nat org.springframework.samples.petclinic.owner.PetTypeFormatterTests.shouldParse(PetTypeFormatterTests.java:65)',NULL,'shouldParse','fail',26),(471,82,'View name expected:<pets/createOrUpdateVisitFor> but was:<pets/createOrUpdateVisitForm>java.lang.AssertionError: View name expected:<pets/createOrUpdateVisitFor> but was:<pets/createOrUpdateVisitForm> \r\nat org.springframework.samples.petclinic.owner.VisitControllerTests.testProcessNewVisitFormHasErrors(VisitControllerTests.java:75)',NULL,'testProcessNewVisitFormHasErrors','fail',26),(472,0,NULL,NULL,'testProcessNewVisitFormSuccess','pass',26),(473,27,'View name expected:<pets/createOrUpdateVisitFor> but was:<pets/createOrUpdateVisitForm>java.lang.AssertionError: View name expected:<pets/createOrUpdateVisitFor> but was:<pets/createOrUpdateVisitForm> \r\nat org.springframework.samples.petclinic.owner.VisitControllerTests.testInitNewVisitForm(VisitControllerTests.java:61)',NULL,'testInitNewVisitForm','fail',26),(474,166,NULL,NULL,'testFindAll','pass',26),(475,49,NULL,NULL,'shouldFindVets','pass',26),(476,62,NULL,NULL,'shouldFindOwnersByLastName','pass',26),(477,51,NULL,NULL,'shouldAddNewVisitForPet','pass',26),(478,33,NULL,NULL,'shouldUpdateOwner','pass',26),(479,14,NULL,NULL,'shouldFindVisitsByPetId','pass',26),(480,23,NULL,NULL,'shouldInsertPetIntoDatabaseAndGenerateId','pass',26),(481,16,NULL,NULL,'shouldInsertOwner','pass',26),(482,20,NULL,NULL,'shouldFindSingleOwnerWithPet','pass',26),(483,13,NULL,NULL,'shouldUpdatePetName','pass',26),(484,10,NULL,NULL,'shouldFindAllPetTypes','pass',26),(485,14,NULL,NULL,'shouldFindPetWithCorrectId','pass',26),(486,0,'skipped',NULL,'org.springframework.samples.petclinic.system.CrashControllerTests','skip',26),(487,55,NULL,NULL,'testShowVetListHtml','pass',26),(488,131,NULL,NULL,'testShowResourcesVetList','pass',26),(489,0,NULL,NULL,'testSerialization','pass',26),(490,905,NULL,NULL,'shouldNotValidateWhenFirstNameEmpty','pass',27),(491,703,'View name expected:<owners/createOrUpdateOwnerFor> but was:<owners/createOrUpdateOwnerForm>java.lang.AssertionError: View name expected:<owners/createOrUpdateOwnerFor> but was:<owners/createOrUpdateOwnerForm> \r\nat org.springframework.samples.petclinic.owner.OwnerControllerTests.testProcessUpdateOwnerFormHasErrors(OwnerControllerTests.java:167)',NULL,'testProcessUpdateOwnerFormHasErrors','fail',27),(492,6,NULL,NULL,'testProcessCreationFormSuccess','pass',27),(493,31,NULL,NULL,'testInitFindForm','pass',27),(494,77,'View name expected:<owners/ownerDetail> but was:<owners/ownerDetails>java.lang.AssertionError: View name expected:<owners/ownerDetail> but was:<owners/ownerDetails> \r\nat org.springframework.samples.petclinic.owner.OwnerControllerTests.testShowOwner(OwnerControllerTests.java:196)',NULL,'testShowOwner','fail',27),(495,33,'View name expected:<owners/createOrUpdateOwnerFor> but was:<owners/createOrUpdateOwnerForm>java.lang.AssertionError: View name expected:<owners/createOrUpdateOwnerFor> but was:<owners/createOrUpdateOwnerForm> \r\nat org.springframework.samples.petclinic.owner.OwnerControllerTests.testInitUpdateOwnerForm(OwnerControllerTests.java:149)',NULL,'testInitUpdateOwnerForm','fail',27),(496,26,'View name expected:<owners/createOrUpdateOwnerFor> but was:<owners/createOrUpdateOwnerForm>java.lang.AssertionError: View name expected:<owners/createOrUpdateOwnerFor> but was:<owners/createOrUpdateOwnerForm> \r\nat org.springframework.samples.petclinic.owner.OwnerControllerTests.testInitCreationForm(OwnerControllerTests.java:93)',NULL,'testInitCreationForm','fail',27),(497,1,NULL,NULL,'testProcessFindFormByLastName','pass',27),(498,35,'View name expected:<owners/findOwner> but was:<owners/findOwners>java.lang.AssertionError: View name expected:<owners/findOwner> but was:<owners/findOwners> \r\nat org.springframework.samples.petclinic.owner.OwnerControllerTests.testProcessFindFormNoOwnersFound(OwnerControllerTests.java:137)',NULL,'testProcessFindFormNoOwnersFound','fail',27),(499,25,NULL,NULL,'testProcessFindFormSuccess','pass',27),(500,7,NULL,NULL,'testProcessUpdateOwnerFormSuccess','pass',27),(501,31,'View name expected:<owners/createOrUpdateOwnerFor> but was:<owners/createOrUpdateOwnerForm>java.lang.AssertionError: View name expected:<owners/createOrUpdateOwnerFor> but was:<owners/createOrUpdateOwnerForm> \r\nat org.springframework.samples.petclinic.owner.OwnerControllerTests.testProcessCreationFormHasErrors(OwnerControllerTests.java:110)',NULL,'testProcessCreationFormHasErrors','fail',27),(502,21,NULL,NULL,'testProcessCreationFormSuccess','pass',27),(503,9,NULL,NULL,'testProcessUpdateFormSuccess','pass',27),(504,76,NULL,NULL,'testInitUpdateForm','pass',27),(505,19,NULL,NULL,'testInitCreationForm','pass',27),(506,18,NULL,NULL,'testProcessCreationFormHasErrors','pass',27),(507,25,NULL,NULL,'testProcessUpdateFormHasErrors','pass',27),(508,31,NULL,NULL,'shouldThrowParseException','pass',27),(509,8,'Expecting: <\"Hamster\"> to be equal to: <\"Hamste\"> but was not.org.opentest4j.AssertionFailedError: \r\nExpecting: \r\n<\"Hamster\"> \r\nto be equal to: \r\n<\"Hamste\"> \r\nbut was not. \r\nat org.springframework.samples.petclinic.owner.PetTypeFormatterTests.testPrint(PetTypeFormatterTests.java:58)',NULL,'testPrint','fail',27),(510,1,'Expecting: <\"Bird\"> to be equal to: <\"Bir\"> but was not.org.opentest4j.AssertionFailedError: \r\nExpecting: \r\n<\"Bird\"> \r\nto be equal to: \r\n<\"Bir\"> \r\nbut was not. \r\nat org.springframework.samples.petclinic.owner.PetTypeFormatterTests.shouldParse(PetTypeFormatterTests.java:65)',NULL,'shouldParse','fail',27),(511,74,NULL,NULL,'testProcessNewVisitFormHasErrors','pass',27),(512,6,NULL,NULL,'testProcessNewVisitFormSuccess','pass',27),(513,16,NULL,NULL,'testInitNewVisitForm','pass',27),(514,152,NULL,NULL,'testFindAll','pass',27),(515,38,NULL,NULL,'shouldFindVets','pass',27),(516,59,NULL,NULL,'shouldFindOwnersByLastName','pass',27),(517,50,NULL,NULL,'shouldAddNewVisitForPet','pass',27),(518,32,NULL,NULL,'shouldUpdateOwner','pass',27),(519,15,NULL,NULL,'shouldFindVisitsByPetId','pass',27),(520,25,NULL,NULL,'shouldInsertPetIntoDatabaseAndGenerateId','pass',27),(521,14,NULL,NULL,'shouldInsertOwner','pass',27),(522,15,NULL,NULL,'shouldFindSingleOwnerWithPet','pass',27),(523,11,NULL,NULL,'shouldUpdatePetName','pass',27),(524,10,NULL,NULL,'shouldFindAllPetTypes','pass',27),(525,11,NULL,NULL,'shouldFindPetWithCorrectId','pass',27),(526,0,'skipped',NULL,'org.springframework.samples.petclinic.system.CrashControllerTests','skip',27),(527,52,NULL,NULL,'testShowVetListHtml','pass',27),(528,137,NULL,NULL,'testShowResourcesVetList','pass',27),(529,0,NULL,NULL,'testSerialization','pass',27),(530,892,NULL,NULL,'shouldNotValidateWhenFirstNameEmpty','pass',28),(531,730,'View name expected:<owners/createOrUpdateOwnerFor> but was:<owners/createOrUpdateOwnerForm>java.lang.AssertionError: View name expected:<owners/createOrUpdateOwnerFor> but was:<owners/createOrUpdateOwnerForm> \r\nat org.springframework.samples.petclinic.owner.OwnerControllerTests.testProcessUpdateOwnerFormHasErrors(OwnerControllerTests.java:167)',NULL,'testProcessUpdateOwnerFormHasErrors','fail',28),(532,9,NULL,NULL,'testProcessCreationFormSuccess','pass',28),(533,30,NULL,NULL,'testInitFindForm','pass',28),(534,90,'View name expected:<owners/ownerDetail> but was:<owners/ownerDetails>java.lang.AssertionError: View name expected:<owners/ownerDetail> but was:<owners/ownerDetails> \r\nat org.springframework.samples.petclinic.owner.OwnerControllerTests.testShowOwner(OwnerControllerTests.java:196)',NULL,'testShowOwner','fail',28),(535,26,'View name expected:<owners/createOrUpdateOwnerFor> but was:<owners/createOrUpdateOwnerForm>java.lang.AssertionError: View name expected:<owners/createOrUpdateOwnerFor> but was:<owners/createOrUpdateOwnerForm> \r\nat org.springframework.samples.petclinic.owner.OwnerControllerTests.testInitUpdateOwnerForm(OwnerControllerTests.java:149)',NULL,'testInitUpdateOwnerForm','fail',28),(536,23,'View name expected:<owners/createOrUpdateOwnerFor> but was:<owners/createOrUpdateOwnerForm>java.lang.AssertionError: View name expected:<owners/createOrUpdateOwnerFor> but was:<owners/createOrUpdateOwnerForm> \r\nat org.springframework.samples.petclinic.owner.OwnerControllerTests.testInitCreationForm(OwnerControllerTests.java:93)',NULL,'testInitCreationForm','fail',28),(537,0,NULL,NULL,'testProcessFindFormByLastName','pass',28),(538,27,'View name expected:<owners/findOwner> but was:<owners/findOwners>java.lang.AssertionError: View name expected:<owners/findOwner> but was:<owners/findOwners> \r\nat org.springframework.samples.petclinic.owner.OwnerControllerTests.testProcessFindFormNoOwnersFound(OwnerControllerTests.java:137)',NULL,'testProcessFindFormNoOwnersFound','fail',28),(539,21,NULL,NULL,'testProcessFindFormSuccess','pass',28),(540,5,NULL,NULL,'testProcessUpdateOwnerFormSuccess','pass',28),(541,26,'View name expected:<owners/createOrUpdateOwnerFor> but was:<owners/createOrUpdateOwnerForm>java.lang.AssertionError: View name expected:<owners/createOrUpdateOwnerFor> but was:<owners/createOrUpdateOwnerForm> \r\nat org.springframework.samples.petclinic.owner.OwnerControllerTests.testProcessCreationFormHasErrors(OwnerControllerTests.java:110)',NULL,'testProcessCreationFormHasErrors','fail',28),(542,22,NULL,NULL,'testProcessCreationFormSuccess','pass',28),(543,9,NULL,NULL,'testProcessUpdateFormSuccess','pass',28),(544,63,NULL,NULL,'testInitUpdateForm','pass',28),(545,18,NULL,NULL,'testInitCreationForm','pass',28),(546,19,NULL,NULL,'testProcessCreationFormHasErrors','pass',28),(547,19,NULL,NULL,'testProcessUpdateFormHasErrors','pass',28),(548,33,NULL,NULL,'shouldThrowParseException','pass',28),(549,0,NULL,NULL,'testPrint','pass',28),(550,1,NULL,NULL,'shouldParse','pass',28),(551,68,NULL,NULL,'testProcessNewVisitFormHasErrors','pass',28),(552,7,NULL,NULL,'testProcessNewVisitFormSuccess','pass',28),(553,15,NULL,NULL,'testInitNewVisitForm','pass',28),(554,160,NULL,NULL,'testFindAll','pass',28),(555,42,NULL,NULL,'shouldFindVets','pass',28),(556,68,NULL,NULL,'shouldFindOwnersByLastName','pass',28),(557,51,NULL,NULL,'shouldAddNewVisitForPet','pass',28),(558,35,NULL,NULL,'shouldUpdateOwner','pass',28),(559,17,NULL,NULL,'shouldFindVisitsByPetId','pass',28),(560,21,NULL,NULL,'shouldInsertPetIntoDatabaseAndGenerateId','pass',28),(561,17,NULL,NULL,'shouldInsertOwner','pass',28),(562,18,NULL,NULL,'shouldFindSingleOwnerWithPet','pass',28),(563,14,NULL,NULL,'shouldUpdatePetName','pass',28),(564,10,NULL,NULL,'shouldFindAllPetTypes','pass',28),(565,14,NULL,NULL,'shouldFindPetWithCorrectId','pass',28),(566,0,'skipped',NULL,'org.springframework.samples.petclinic.system.CrashControllerTests','skip',28),(567,53,NULL,NULL,'testShowVetListHtml','pass',28),(568,128,NULL,NULL,'testShowResourcesVetList','pass',28),(569,0,NULL,NULL,'testSerialization','pass',28),(570,927,NULL,NULL,'shouldNotValidateWhenFirstNameEmpty','pass',29),(571,724,NULL,NULL,'testProcessUpdateOwnerFormHasErrors','pass',29),(572,9,NULL,NULL,'testProcessCreationFormSuccess','pass',29),(573,32,NULL,NULL,'testInitFindForm','pass',29),(574,69,NULL,NULL,'testShowOwner','pass',29),(575,21,NULL,NULL,'testInitUpdateOwnerForm','pass',29),(576,20,NULL,NULL,'testInitCreationForm','pass',29),(577,7,NULL,NULL,'testProcessFindFormByLastName','pass',29),(578,19,NULL,NULL,'testProcessFindFormNoOwnersFound','pass',29),(579,26,NULL,NULL,'testProcessFindFormSuccess','pass',29),(580,5,NULL,NULL,'testProcessUpdateOwnerFormSuccess','pass',29),(581,14,NULL,NULL,'testProcessCreationFormHasErrors','pass',29),(582,27,NULL,NULL,'testProcessCreationFormSuccess','pass',29),(583,10,NULL,NULL,'testProcessUpdateFormSuccess','pass',29),(584,74,NULL,NULL,'testInitUpdateForm','pass',29),(585,20,NULL,NULL,'testInitCreationForm','pass',29),(586,20,NULL,NULL,'testProcessCreationFormHasErrors','pass',29),(587,23,NULL,NULL,'testProcessUpdateFormHasErrors','pass',29),(588,32,NULL,NULL,'shouldThrowParseException','pass',29),(589,1,NULL,NULL,'testPrint','pass',29),(590,1,NULL,NULL,'shouldParse','pass',29),(591,77,NULL,NULL,'testProcessNewVisitFormHasErrors','pass',29),(592,7,NULL,NULL,'testProcessNewVisitFormSuccess','pass',29),(593,15,NULL,NULL,'testInitNewVisitForm','pass',29),(594,156,NULL,NULL,'testFindAll','pass',29),(595,43,NULL,NULL,'shouldFindVets','pass',29),(596,64,NULL,NULL,'shouldFindOwnersByLastName','pass',29),(597,55,NULL,NULL,'shouldAddNewVisitForPet','pass',29),(598,33,NULL,NULL,'shouldUpdateOwner','pass',29),(599,16,NULL,NULL,'shouldFindVisitsByPetId','pass',29),(600,24,NULL,NULL,'shouldInsertPetIntoDatabaseAndGenerateId','pass',29),(601,16,NULL,NULL,'shouldInsertOwner','pass',29),(602,18,NULL,NULL,'shouldFindSingleOwnerWithPet','pass',29),(603,12,NULL,NULL,'shouldUpdatePetName','pass',29),(604,12,NULL,NULL,'shouldFindAllPetTypes','pass',29),(605,13,NULL,NULL,'shouldFindPetWithCorrectId','pass',29),(606,0,'skipped',NULL,'org.springframework.samples.petclinic.system.CrashControllerTests','skip',29),(607,54,NULL,NULL,'testShowVetListHtml','pass',29),(608,121,NULL,NULL,'testShowResourcesVetList','pass',29),(609,0,NULL,NULL,'testSerialization','pass',29),(610,959,NULL,NULL,'shouldNotValidateWhenFirstNameEmpty','pass',30),(611,675,NULL,NULL,'testProcessUpdateOwnerFormHasErrors','pass',30),(612,11,NULL,NULL,'testProcessCreationFormSuccess','pass',30),(613,35,NULL,NULL,'testInitFindForm','pass',30),(614,78,NULL,NULL,'testShowOwner','pass',30),(615,28,NULL,NULL,'testInitUpdateOwnerForm','pass',30),(616,24,NULL,NULL,'testInitCreationForm','pass',30),(617,10,NULL,NULL,'testProcessFindFormByLastName','pass',30),(618,24,NULL,NULL,'testProcessFindFormNoOwnersFound','pass',30),(619,34,NULL,NULL,'testProcessFindFormSuccess','pass',30),(620,7,NULL,NULL,'testProcessUpdateOwnerFormSuccess','pass',30),(621,19,NULL,NULL,'testProcessCreationFormHasErrors','pass',30),(622,24,NULL,NULL,'testProcessCreationFormSuccess','pass',30),(623,9,NULL,NULL,'testProcessUpdateFormSuccess','pass',30),(624,74,NULL,NULL,'testInitUpdateForm','pass',30),(625,18,NULL,NULL,'testInitCreationForm','pass',30),(626,17,NULL,NULL,'testProcessCreationFormHasErrors','pass',30),(627,19,NULL,NULL,'testProcessUpdateFormHasErrors','pass',30),(628,38,NULL,NULL,'shouldThrowParseException','pass',30),(629,0,NULL,NULL,'testPrint','pass',30),(630,0,NULL,NULL,'shouldParse','pass',30),(631,69,NULL,NULL,'testProcessNewVisitFormHasErrors','pass',30),(632,7,NULL,NULL,'testProcessNewVisitFormSuccess','pass',30),(633,17,NULL,NULL,'testInitNewVisitForm','pass',30),(634,184,NULL,NULL,'testFindAll','pass',30),(635,38,NULL,NULL,'shouldFindVets','pass',30),(636,72,NULL,NULL,'shouldFindOwnersByLastName','pass',30),(637,50,NULL,NULL,'shouldAddNewVisitForPet','pass',30),(638,34,NULL,NULL,'shouldUpdateOwner','pass',30),(639,14,NULL,NULL,'shouldFindVisitsByPetId','pass',30),(640,24,NULL,NULL,'shouldInsertPetIntoDatabaseAndGenerateId','pass',30),(641,16,NULL,NULL,'shouldInsertOwner','pass',30),(642,17,NULL,NULL,'shouldFindSingleOwnerWithPet','pass',30),(643,12,NULL,NULL,'shouldUpdatePetName','pass',30),(644,12,NULL,NULL,'shouldFindAllPetTypes','pass',30),(645,11,NULL,NULL,'shouldFindPetWithCorrectId','pass',30),(646,0,'skipped',NULL,'org.springframework.samples.petclinic.system.CrashControllerTests','skip',30),(647,42,NULL,NULL,'testShowVetListHtml','pass',30),(648,128,NULL,NULL,'testShowResourcesVetList','pass',30),(649,0,NULL,NULL,'testSerialization','pass',30),(650,18,NULL,NULL,'__','pass',31),(651,0,NULL,NULL,'__','pass',31),(652,1,NULL,NULL,'_','pass',31),(653,1,NULL,NULL,'_','pass',31),(654,1,NULL,NULL,'__','pass',31),(655,87,NULL,NULL,'contextLoads','pass',31),(656,144,NULL,NULL,'shouldFindVets','pass',32),(657,87,NULL,NULL,'shouldFindOwnersByLastName','pass',32),(658,54,NULL,NULL,'shouldAddNewVisitForPet','pass',32),(659,41,NULL,NULL,'shouldUpdateOwner','pass',32),(660,33,NULL,NULL,'shouldFindVisitsByPetId','pass',32),(661,51,NULL,NULL,'shouldInsertPetIntoDatabaseAndGenerateId','pass',32),(662,41,NULL,NULL,'shouldInsertOwner','pass',32),(663,50,NULL,NULL,'shouldFindSingleOwnerWithPet','pass',32),(664,37,NULL,NULL,'shouldUpdatePetName','pass',32),(665,23,NULL,NULL,'shouldFindAllPetTypes','pass',32),(666,25,NULL,NULL,'shouldFindPetWithCorrectId','pass',32),(667,953,NULL,NULL,'testProcessUpdateOwnerFormHasErrors','pass',32),(668,13,NULL,NULL,'testProcessCreationFormSuccess','pass',32),(669,29,NULL,NULL,'testInitFindForm','pass',32),(670,79,NULL,NULL,'testShowOwner','pass',32),(671,23,NULL,NULL,'testInitUpdateOwnerForm','pass',32),(672,21,NULL,NULL,'testInitCreationForm','pass',32),(673,8,NULL,NULL,'testProcessFindFormByLastName','pass',32),(674,18,NULL,NULL,'testProcessFindFormNoOwnersFound','pass',32),(675,27,NULL,NULL,'testProcessFindFormSuccess','pass',32),(676,10,NULL,NULL,'testProcessUpdateOwnerFormSuccess','pass',32),(677,22,NULL,NULL,'testProcessCreationFormHasErrors','pass',32),(678,70,NULL,NULL,'testProcessNewVisitFormHasErrors','pass',32),(679,8,NULL,NULL,'testProcessNewVisitFormSuccess','pass',32),(680,16,NULL,NULL,'testInitNewVisitForm','pass',32),(681,47,NULL,NULL,'testShowVetListHtml','pass',32),(682,119,NULL,NULL,'testShowResourcesVetList','pass',32),(683,0,'skipped',NULL,'org.springframework.samples.petclinic.system.CrashControllerTests','skip',32),(684,49,NULL,NULL,'testFindAll','pass',32),(685,0,NULL,NULL,'shouldNotValidateWhenFirstNameEmpty','pass',32),(686,22,NULL,NULL,'testSerialization','pass',32),(687,37,NULL,NULL,'shouldThrowParseException','pass',32),(688,94,NULL,NULL,'testPrint','pass',32),(689,1,NULL,NULL,'shouldParse','pass',32),(690,23,NULL,NULL,'testProcessCreationFormSuccess','pass',32),(691,9,NULL,NULL,'testProcessUpdateFormSuccess','pass',32),(692,70,NULL,NULL,'testInitUpdateForm','pass',32),(693,20,NULL,NULL,'testInitCreationForm','pass',32),(694,21,NULL,NULL,'testProcessCreationFormHasErrors','pass',32),(695,21,NULL,NULL,'testProcessUpdateFormHasErrors','pass',32),(696,141,NULL,NULL,'shouldFindVets','pass',33),(697,85,NULL,NULL,'shouldFindOwnersByLastName','pass',33),(698,56,NULL,NULL,'shouldAddNewVisitForPet','pass',33),(699,47,NULL,NULL,'shouldUpdateOwner','pass',33),(700,65,NULL,NULL,'shouldFindVisitsByPetId','pass',33),(701,60,NULL,NULL,'shouldInsertPetIntoDatabaseAndGenerateId','pass',33),(702,43,NULL,NULL,'shouldInsertOwner','pass',33),(703,55,NULL,NULL,'shouldFindSingleOwnerWithPet','pass',33),(704,34,NULL,NULL,'shouldUpdatePetName','pass',33),(705,36,NULL,NULL,'shouldFindAllPetTypes','pass',33),(706,37,NULL,NULL,'shouldFindPetWithCorrectId','pass',33),(707,1011,NULL,NULL,'testProcessUpdateOwnerFormHasErrors','pass',33),(708,14,NULL,NULL,'testProcessCreationFormSuccess','pass',33),(709,32,NULL,NULL,'testInitFindForm','pass',33),(710,84,NULL,NULL,'testShowOwner','pass',33),(711,23,NULL,NULL,'testInitUpdateOwnerForm','pass',33),(712,22,NULL,NULL,'testInitCreationForm','pass',33),(713,8,NULL,NULL,'testProcessFindFormByLastName','pass',33),(714,18,NULL,NULL,'testProcessFindFormNoOwnersFound','pass',33),(715,27,NULL,NULL,'testProcessFindFormSuccess','pass',33),(716,8,NULL,NULL,'testProcessUpdateOwnerFormSuccess','pass',33),(717,20,NULL,NULL,'testProcessCreationFormHasErrors','pass',33),(718,64,NULL,NULL,'testProcessNewVisitFormHasErrors','pass',33),(719,8,NULL,NULL,'testProcessNewVisitFormSuccess','pass',33),(720,15,NULL,NULL,'testInitNewVisitForm','pass',33),(721,50,NULL,NULL,'testShowVetListHtml','pass',33),(722,147,NULL,NULL,'testShowResourcesVetList','pass',33),(723,0,'skipped',NULL,'org.springframework.samples.petclinic.system.CrashControllerTests','skip',33),(724,49,NULL,NULL,'testFindAll','pass',33),(725,0,NULL,NULL,'shouldNotValidateWhenFirstNameEmpty','pass',33),(726,24,NULL,NULL,'testSerialization','pass',33),(727,34,NULL,NULL,'shouldThrowParseException','pass',33),(728,89,NULL,NULL,'testPrint','pass',33),(729,2,NULL,NULL,'shouldParse','pass',33),(730,22,NULL,NULL,'testProcessCreationFormSuccess','pass',33),(731,9,NULL,NULL,'testProcessUpdateFormSuccess','pass',33),(732,65,NULL,NULL,'testInitUpdateForm','pass',33),(733,21,NULL,NULL,'testInitCreationForm','pass',33),(734,23,NULL,NULL,'testProcessCreationFormHasErrors','pass',33),(735,21,NULL,NULL,'testProcessUpdateFormHasErrors','pass',33),(736,3790,NULL,NULL,'shouldNotValidateWhenFirstNameEmpty','pass',34),(737,3000,NULL,NULL,'testProcessUpdateOwnerFormHasErrors','pass',34),(738,33,NULL,NULL,'testProcessCreationFormSuccess','pass',34),(739,221,NULL,NULL,'testInitFindForm','pass',34),(740,495,NULL,NULL,'testShowOwner','pass',34),(741,105,NULL,NULL,'testInitUpdateOwnerForm','pass',34),(742,104,NULL,NULL,'testInitCreationForm','pass',34),(743,22,NULL,NULL,'testProcessFindFormByLastName','pass',34),(744,64,NULL,NULL,'testProcessFindFormNoOwnersFound','pass',34),(745,98,NULL,NULL,'testProcessFindFormSuccess','pass',34),(746,22,NULL,NULL,'testProcessUpdateOwnerFormSuccess','pass',34),(747,81,NULL,NULL,'testProcessCreationFormHasErrors','pass',34),(748,334,NULL,NULL,'testProcessCreationFormSuccess','pass',34),(749,138,NULL,NULL,'testProcessUpdateFormSuccess','pass',34),(750,655,NULL,NULL,'testInitUpdateForm','pass',34),(751,124,NULL,NULL,'testInitCreationForm','pass',34),(752,96,NULL,NULL,'testProcessCreationFormHasErrors','pass',34),(753,99,NULL,NULL,'testProcessUpdateFormHasErrors','pass',34),(754,156,NULL,NULL,'shouldThrowParseException','pass',34),(755,0,NULL,NULL,'testPrint','pass',34),(756,0,NULL,NULL,'shouldParse','pass',34),(757,649,NULL,NULL,'testProcessNewVisitFormHasErrors','pass',34),(758,81,NULL,NULL,'testProcessNewVisitFormSuccess','pass',34),(759,47,NULL,NULL,'testInitNewVisitForm','pass',34),(760,654,NULL,NULL,'testFindAll','pass',34),(761,164,NULL,NULL,'shouldFindVets','pass',34),(762,312,NULL,NULL,'shouldFindOwnersByLastName','pass',34),(763,262,NULL,NULL,'shouldAddNewVisitForPet','pass',34),(764,160,NULL,NULL,'shouldUpdateOwner','pass',34),(765,83,NULL,NULL,'shouldFindVisitsByPetId','pass',34),(766,87,NULL,NULL,'shouldInsertPetIntoDatabaseAndGenerateId','pass',34),(767,70,NULL,NULL,'shouldInsertOwner','pass',34),(768,111,NULL,NULL,'shouldFindSingleOwnerWithPet','pass',34),(769,51,NULL,NULL,'shouldUpdatePetName','pass',34),(770,32,NULL,NULL,'shouldFindAllPetTypes','pass',34),(771,41,NULL,NULL,'shouldFindPetWithCorrectId','pass',34),(772,0,'skipped',NULL,'org.springframework.samples.petclinic.system.CrashControllerTests','skip',34),(773,329,NULL,NULL,'testShowVetListHtml','pass',34),(774,505,NULL,NULL,'testShowResourcesVetList','pass',34),(775,0,NULL,NULL,'testSerialization','pass',34),(776,4478,NULL,NULL,'shouldNotValidateWhenFirstNameEmpty','pass',35),(777,3480,NULL,NULL,'testProcessUpdateOwnerFormHasErrors','pass',35),(778,48,NULL,NULL,'testProcessCreationFormSuccess','pass',35),(779,109,NULL,NULL,'testInitFindForm','pass',35),(780,327,NULL,NULL,'testShowOwner','pass',35),(781,71,NULL,NULL,'testInitUpdateOwnerForm','pass',35),(782,107,NULL,NULL,'testInitCreationForm','pass',35),(783,57,NULL,NULL,'testProcessFindFormByLastName','pass',35),(784,98,NULL,NULL,'testProcessFindFormNoOwnersFound','pass',35),(785,93,NULL,NULL,'testProcessFindFormSuccess','pass',35),(786,20,NULL,NULL,'testProcessUpdateOwnerFormSuccess','pass',35),(787,85,NULL,NULL,'testProcessCreationFormHasErrors','pass',35),(788,20,NULL,NULL,'testProcessCreationFormSuccess','pass',35),(789,52,NULL,NULL,'testProcessUpdateFormSuccess','pass',35),(790,341,NULL,NULL,'testInitUpdateForm','pass',35),(791,93,NULL,NULL,'testInitCreationForm','pass',35),(792,92,NULL,NULL,'testProcessCreationFormHasErrors','pass',35),(793,123,NULL,NULL,'testProcessUpdateFormHasErrors','pass',35),(794,204,NULL,NULL,'shouldThrowParseException','pass',35),(795,0,NULL,NULL,'testPrint','pass',35),(796,3,NULL,NULL,'shouldParse','pass',35),(797,412,NULL,NULL,'testProcessNewVisitFormHasErrors','pass',35),(798,24,NULL,NULL,'testProcessNewVisitFormSuccess','pass',35),(799,59,NULL,NULL,'testInitNewVisitForm','pass',35),(800,640,NULL,NULL,'testFindAll','pass',35),(801,169,NULL,NULL,'shouldFindVets','pass',35),(802,255,NULL,NULL,'shouldFindOwnersByLastName','pass',35),(803,256,NULL,NULL,'shouldAddNewVisitForPet','pass',35),(804,199,NULL,NULL,'shouldUpdateOwner','pass',35),(805,44,NULL,NULL,'shouldFindVisitsByPetId','pass',35),(806,65,NULL,NULL,'shouldInsertPetIntoDatabaseAndGenerateId','pass',35),(807,55,NULL,NULL,'shouldInsertOwner','pass',35),(808,63,NULL,NULL,'shouldFindSingleOwnerWithPet','pass',35),(809,32,NULL,NULL,'shouldUpdatePetName','pass',35),(810,30,NULL,NULL,'shouldFindAllPetTypes','pass',35),(811,47,NULL,NULL,'shouldFindPetWithCorrectId','pass',35),(812,0,'skipped',NULL,'org.springframework.samples.petclinic.system.CrashControllerTests','skip',35),(813,183,NULL,NULL,'testShowVetListHtml','pass',35),(814,432,NULL,NULL,'testShowResourcesVetList','pass',35),(815,0,NULL,NULL,'testSerialization','pass',35),(816,1037,NULL,NULL,'shouldNotValidateWhenFirstNameEmpty','pass',36),(817,775,'View name expected:<owners/createOrUpdateOwnerFor> but was:<owners/createOrUpdateOwnerForm>java.lang.AssertionError: View name expected:<owners/createOrUpdateOwnerFor> but was:<owners/createOrUpdateOwnerForm> \r\nat org.springframework.samples.petclinic.owner.OwnerControllerTests.testProcessUpdateOwnerFormHasErrors(OwnerControllerTests.java:167)',NULL,'testProcessUpdateOwnerFormHasErrors','fail',36),(818,12,NULL,NULL,'testProcessCreationFormSuccess','pass',36),(819,42,NULL,NULL,'testInitFindForm','pass',36),(820,77,NULL,NULL,'testShowOwner','pass',36),(821,35,'View name expected:<owners/createOrUpdateOwnerFor> but was:<owners/createOrUpdateOwnerForm>java.lang.AssertionError: View name expected:<owners/createOrUpdateOwnerFor> but was:<owners/createOrUpdateOwnerForm> \r\nat org.springframework.samples.petclinic.owner.OwnerControllerTests.testInitUpdateOwnerForm(OwnerControllerTests.java:149)',NULL,'testInitUpdateOwnerForm','fail',36),(822,18,NULL,NULL,'testInitCreationForm','pass',36),(823,9,NULL,NULL,'testProcessFindFormByLastName','pass',36),(824,35,'View name expected:<owners/findOwner> but was:<owners/findOwners>java.lang.AssertionError: View name expected:<owners/findOwner> but was:<owners/findOwners> \r\nat org.springframework.samples.petclinic.owner.OwnerControllerTests.testProcessFindFormNoOwnersFound(OwnerControllerTests.java:137)',NULL,'testProcessFindFormNoOwnersFound','fail',36),(825,25,NULL,NULL,'testProcessFindFormSuccess','pass',36),(826,6,NULL,NULL,'testProcessUpdateOwnerFormSuccess','pass',36),(827,19,NULL,NULL,'testProcessCreationFormHasErrors','pass',36),(828,22,NULL,NULL,'testProcessCreationFormSuccess','pass',36),(829,9,NULL,NULL,'testProcessUpdateFormSuccess','pass',36),(830,82,NULL,NULL,'testInitUpdateForm','pass',36),(831,25,NULL,NULL,'testInitCreationForm','pass',36),(832,28,NULL,NULL,'testProcessCreationFormHasErrors','pass',36),(833,24,NULL,NULL,'testProcessUpdateFormHasErrors','pass',36),(834,39,NULL,NULL,'shouldThrowParseException','pass',36),(835,1,NULL,NULL,'testPrint','pass',36),(836,2,NULL,NULL,'shouldParse','pass',36),(837,68,NULL,NULL,'testProcessNewVisitFormHasErrors','pass',36),(838,6,NULL,NULL,'testProcessNewVisitFormSuccess','pass',36),(839,13,NULL,NULL,'testInitNewVisitForm','pass',36),(840,196,NULL,NULL,'testFindAll','pass',36),(841,40,NULL,NULL,'shouldFindVets','pass',36),(842,70,NULL,NULL,'shouldFindOwnersByLastName','pass',36),(843,61,NULL,NULL,'shouldAddNewVisitForPet','pass',36),(844,36,NULL,NULL,'shouldUpdateOwner','pass',36),(845,17,NULL,NULL,'shouldFindVisitsByPetId','pass',36),(846,27,NULL,NULL,'shouldInsertPetIntoDatabaseAndGenerateId','pass',36),(847,15,NULL,NULL,'shouldInsertOwner','pass',36),(848,21,NULL,NULL,'shouldFindSingleOwnerWithPet','pass',36),(849,14,NULL,NULL,'shouldUpdatePetName','pass',36),(850,11,NULL,NULL,'shouldFindAllPetTypes','pass',36),(851,12,NULL,NULL,'shouldFindPetWithCorrectId','pass',36),(852,0,'skipped',NULL,'org.springframework.samples.petclinic.system.CrashControllerTests','skip',36),(853,47,NULL,NULL,'testShowVetListHtml','pass',36),(854,128,NULL,NULL,'testShowResourcesVetList','pass',36),(855,0,NULL,NULL,'testSerialization','pass',36),(856,970,NULL,NULL,'shouldNotValidateWhenFirstNameEmpty','pass',37),(857,749,'View name expected:<owners/createOrUpdateOwnerFor> but was:<owners/createOrUpdateOwnerForm>java.lang.AssertionError: View name expected:<owners/createOrUpdateOwnerFor> but was:<owners/createOrUpdateOwnerForm> \r\nat org.springframework.samples.petclinic.owner.OwnerControllerTests.testProcessUpdateOwnerFormHasErrors(OwnerControllerTests.java:167)',NULL,'testProcessUpdateOwnerFormHasErrors','fail',37),(858,10,NULL,NULL,'testProcessCreationFormSuccess','pass',37),(859,39,NULL,NULL,'testInitFindForm','pass',37),(860,118,'View name expected:<owners/ownerDetail> but was:<owners/ownerDetails>java.lang.AssertionError: View name expected:<owners/ownerDetail> but was:<owners/ownerDetails> \r\nat org.springframework.samples.petclinic.owner.OwnerControllerTests.testShowOwner(OwnerControllerTests.java:196)',NULL,'testShowOwner','fail',37),(861,39,'View name expected:<owners/createOrUpdateOwnerFor> but was:<owners/createOrUpdateOwnerForm>java.lang.AssertionError: View name expected:<owners/createOrUpdateOwnerFor> but was:<owners/createOrUpdateOwnerForm> \r\nat org.springframework.samples.petclinic.owner.OwnerControllerTests.testInitUpdateOwnerForm(OwnerControllerTests.java:149)',NULL,'testInitUpdateOwnerForm','fail',37),(862,24,NULL,NULL,'testInitCreationForm','pass',37),(863,12,NULL,NULL,'testProcessFindFormByLastName','pass',37),(864,39,'View name expected:<owners/findOwner> but was:<owners/findOwners>java.lang.AssertionError: View name expected:<owners/findOwner> but was:<owners/findOwners> \r\nat org.springframework.samples.petclinic.owner.OwnerControllerTests.testProcessFindFormNoOwnersFound(OwnerControllerTests.java:137)',NULL,'testProcessFindFormNoOwnersFound','fail',37),(865,34,NULL,NULL,'testProcessFindFormSuccess','pass',37),(866,9,NULL,NULL,'testProcessUpdateOwnerFormSuccess','pass',37),(867,42,'View name expected:<owners/createOrUpdateOwnerFor> but was:<owners/createOrUpdateOwnerForm>java.lang.AssertionError: View name expected:<owners/createOrUpdateOwnerFor> but was:<owners/createOrUpdateOwnerForm> \r\nat org.springframework.samples.petclinic.owner.OwnerControllerTests.testProcessCreationFormHasErrors(OwnerControllerTests.java:110)',NULL,'testProcessCreationFormHasErrors','fail',37),(868,29,NULL,NULL,'testProcessCreationFormSuccess','pass',37),(869,11,NULL,NULL,'testProcessUpdateFormSuccess','pass',37),(870,94,NULL,NULL,'testInitUpdateForm','pass',37),(871,23,NULL,NULL,'testInitCreationForm','pass',37),(872,20,NULL,NULL,'testProcessCreationFormHasErrors','pass',37),(873,19,NULL,NULL,'testProcessUpdateFormHasErrors','pass',37),(874,23,NULL,NULL,'shouldThrowParseException','pass',37),(875,1,NULL,NULL,'testPrint','pass',37),(876,1,NULL,NULL,'shouldParse','pass',37),(877,82,NULL,NULL,'testProcessNewVisitFormHasErrors','pass',37),(878,6,NULL,NULL,'testProcessNewVisitFormSuccess','pass',37),(879,21,NULL,NULL,'testInitNewVisitForm','pass',37),(880,179,NULL,NULL,'testFindAll','pass',37),(881,43,NULL,NULL,'shouldFindVets','pass',37),(882,63,NULL,NULL,'shouldFindOwnersByLastName','pass',37),(883,57,NULL,NULL,'shouldAddNewVisitForPet','pass',37),(884,43,NULL,NULL,'shouldUpdateOwner','pass',37),(885,15,NULL,NULL,'shouldFindVisitsByPetId','pass',37),(886,26,NULL,NULL,'shouldInsertPetIntoDatabaseAndGenerateId','pass',37),(887,15,NULL,NULL,'shouldInsertOwner','pass',37),(888,22,NULL,NULL,'shouldFindSingleOwnerWithPet','pass',37),(889,13,NULL,NULL,'shouldUpdatePetName','pass',37),(890,11,NULL,NULL,'shouldFindAllPetTypes','pass',37),(891,12,NULL,NULL,'shouldFindPetWithCorrectId','pass',37),(892,0,'skipped',NULL,'org.springframework.samples.petclinic.system.CrashControllerTests','skip',37),(893,58,NULL,NULL,'testShowVetListHtml','pass',37),(894,128,NULL,NULL,'testShowResourcesVetList','pass',37),(895,0,NULL,NULL,'testSerialization','pass',37),(896,906,NULL,NULL,'shouldNotValidateWhenFirstNameEmpty','pass',38),(897,697,'View name expected:<owners/createOrUpdateOwnerFor> but was:<owners/createOrUpdateOwnerForm>java.lang.AssertionError: View name expected:<owners/createOrUpdateOwnerFor> but was:<owners/createOrUpdateOwnerForm> \r\nat org.springframework.samples.petclinic.owner.OwnerControllerTests.testProcessUpdateOwnerFormHasErrors(OwnerControllerTests.java:167)',NULL,'testProcessUpdateOwnerFormHasErrors','fail',38),(898,11,NULL,NULL,'testProcessCreationFormSuccess','pass',38),(899,39,NULL,NULL,'testInitFindForm','pass',38),(900,85,'View name expected:<owners/ownerDetail> but was:<owners/ownerDetails>java.lang.AssertionError: View name expected:<owners/ownerDetail> but was:<owners/ownerDetails> \r\nat org.springframework.samples.petclinic.owner.OwnerControllerTests.testShowOwner(OwnerControllerTests.java:196)',NULL,'testShowOwner','fail',38),(901,27,'View name expected:<owners/createOrUpdateOwnerFor> but was:<owners/createOrUpdateOwnerForm>java.lang.AssertionError: View name expected:<owners/createOrUpdateOwnerFor> but was:<owners/createOrUpdateOwnerForm> \r\nat org.springframework.samples.petclinic.owner.OwnerControllerTests.testInitUpdateOwnerForm(OwnerControllerTests.java:149)',NULL,'testInitUpdateOwnerForm','fail',38),(902,17,NULL,NULL,'testInitCreationForm','pass',38),(903,11,NULL,NULL,'testProcessFindFormByLastName','pass',38),(904,35,'View name expected:<owners/findOwner> but was:<owners/findOwners>java.lang.AssertionError: View name expected:<owners/findOwner> but was:<owners/findOwners> \r\nat org.springframework.samples.petclinic.owner.OwnerControllerTests.testProcessFindFormNoOwnersFound(OwnerControllerTests.java:137)',NULL,'testProcessFindFormNoOwnersFound','fail',38),(905,26,NULL,NULL,'testProcessFindFormSuccess','pass',38),(906,9,NULL,NULL,'testProcessUpdateOwnerFormSuccess','pass',38),(907,42,'View name expected:<owners/createOrUpdateOwnerFor> but was:<owners/createOrUpdateOwnerForm>java.lang.AssertionError: View name expected:<owners/createOrUpdateOwnerFor> but was:<owners/createOrUpdateOwnerForm> \r\nat org.springframework.samples.petclinic.owner.OwnerControllerTests.testProcessCreationFormHasErrors(OwnerControllerTests.java:110)',NULL,'testProcessCreationFormHasErrors','fail',38),(908,23,NULL,NULL,'testProcessCreationFormSuccess','pass',38),(909,8,NULL,NULL,'testProcessUpdateFormSuccess','pass',38),(910,72,NULL,NULL,'testInitUpdateForm','pass',38),(911,18,NULL,NULL,'testInitCreationForm','pass',38),(912,17,NULL,NULL,'testProcessCreationFormHasErrors','pass',38),(913,20,NULL,NULL,'testProcessUpdateFormHasErrors','pass',38),(914,45,NULL,NULL,'shouldThrowParseException','pass',38),(915,0,NULL,NULL,'testPrint','pass',38),(916,1,NULL,NULL,'shouldParse','pass',38),(917,69,NULL,NULL,'testProcessNewVisitFormHasErrors','pass',38),(918,6,NULL,NULL,'testProcessNewVisitFormSuccess','pass',38),(919,18,NULL,NULL,'testInitNewVisitForm','pass',38),(920,175,NULL,NULL,'testFindAll','pass',38),(921,40,NULL,NULL,'shouldFindVets','pass',38),(922,62,NULL,NULL,'shouldFindOwnersByLastName','pass',38),(923,54,NULL,NULL,'shouldAddNewVisitForPet','pass',38),(924,35,NULL,NULL,'shouldUpdateOwner','pass',38),(925,14,NULL,NULL,'shouldFindVisitsByPetId','pass',38),(926,19,NULL,NULL,'shouldInsertPetIntoDatabaseAndGenerateId','pass',38),(927,16,NULL,NULL,'shouldInsertOwner','pass',38),(928,22,NULL,NULL,'shouldFindSingleOwnerWithPet','pass',38),(929,14,NULL,NULL,'shouldUpdatePetName','pass',38),(930,14,NULL,NULL,'shouldFindAllPetTypes','pass',38),(931,14,NULL,NULL,'shouldFindPetWithCorrectId','pass',38),(932,0,'skipped',NULL,'org.springframework.samples.petclinic.system.CrashControllerTests','skip',38),(933,67,NULL,NULL,'testShowVetListHtml','pass',38),(934,162,NULL,NULL,'testShowResourcesVetList','pass',38),(935,0,NULL,NULL,'testSerialization','pass',38),(936,910,NULL,NULL,'shouldNotValidateWhenFirstNameEmpty','pass',39),(937,758,'View name expected:<owners/createOrUpdateOwnerFor> but was:<owners/createOrUpdateOwnerForm>java.lang.AssertionError: View name expected:<owners/createOrUpdateOwnerFor> but was:<owners/createOrUpdateOwnerForm> \r\nat org.springframework.samples.petclinic.owner.OwnerControllerTests.testProcessUpdateOwnerFormHasErrors(OwnerControllerTests.java:167)',NULL,'testProcessUpdateOwnerFormHasErrors','fail',39),(938,8,NULL,NULL,'testProcessCreationFormSuccess','pass',39),(939,37,NULL,NULL,'testInitFindForm','pass',39),(940,88,'View name expected:<owners/ownerDetail> but was:<owners/ownerDetails>java.lang.AssertionError: View name expected:<owners/ownerDetail> but was:<owners/ownerDetails> \r\nat org.springframework.samples.petclinic.owner.OwnerControllerTests.testShowOwner(OwnerControllerTests.java:196)',NULL,'testShowOwner','fail',39),(941,17,NULL,NULL,'testInitUpdateOwnerForm','pass',39),(942,27,NULL,NULL,'testInitCreationForm','pass',39),(943,8,NULL,NULL,'testProcessFindFormByLastName','pass',39),(944,27,NULL,NULL,'testProcessFindFormNoOwnersFound','pass',39),(945,27,NULL,NULL,'testProcessFindFormSuccess','pass',39),(946,6,NULL,NULL,'testProcessUpdateOwnerFormSuccess','pass',39),(947,30,'View name expected:<owners/createOrUpdateOwnerFor> but was:<owners/createOrUpdateOwnerForm>java.lang.AssertionError: View name expected:<owners/createOrUpdateOwnerFor> but was:<owners/createOrUpdateOwnerForm> \r\nat org.springframework.samples.petclinic.owner.OwnerControllerTests.testProcessCreationFormHasErrors(OwnerControllerTests.java:110)',NULL,'testProcessCreationFormHasErrors','fail',39),(948,22,NULL,NULL,'testProcessCreationFormSuccess','pass',39),(949,9,NULL,NULL,'testProcessUpdateFormSuccess','pass',39),(950,80,NULL,NULL,'testInitUpdateForm','pass',39),(951,19,NULL,NULL,'testInitCreationForm','pass',39),(952,18,NULL,NULL,'testProcessCreationFormHasErrors','pass',39),(953,19,NULL,NULL,'testProcessUpdateFormHasErrors','pass',39),(954,38,NULL,NULL,'shouldThrowParseException','pass',39),(955,1,NULL,NULL,'testPrint','pass',39),(956,1,NULL,NULL,'shouldParse','pass',39),(957,122,NULL,NULL,'testProcessNewVisitFormHasErrors','pass',39),(958,10,NULL,NULL,'testProcessNewVisitFormSuccess','pass',39),(959,22,NULL,NULL,'testInitNewVisitForm','pass',39),(960,182,NULL,NULL,'testFindAll','pass',39),(961,46,NULL,NULL,'shouldFindVets','pass',39),(962,68,NULL,NULL,'shouldFindOwnersByLastName','pass',39),(963,57,NULL,NULL,'shouldAddNewVisitForPet','pass',39),(964,36,NULL,NULL,'shouldUpdateOwner','pass',39),(965,12,NULL,NULL,'shouldFindVisitsByPetId','pass',39),(966,23,NULL,NULL,'shouldInsertPetIntoDatabaseAndGenerateId','pass',39),(967,15,NULL,NULL,'shouldInsertOwner','pass',39),(968,19,NULL,NULL,'shouldFindSingleOwnerWithPet','pass',39),(969,12,NULL,NULL,'shouldUpdatePetName','pass',39),(970,11,NULL,NULL,'shouldFindAllPetTypes','pass',39),(971,14,NULL,NULL,'shouldFindPetWithCorrectId','pass',39),(972,0,'skipped',NULL,'org.springframework.samples.petclinic.system.CrashControllerTests','skip',39),(973,49,NULL,NULL,'testShowVetListHtml','pass',39),(974,126,NULL,NULL,'testShowResourcesVetList','pass',39),(975,0,NULL,NULL,'testSerialization','pass',39),(976,150,NULL,NULL,'shouldFindVets','pass',40),(977,66,NULL,NULL,'shouldFindOwnersByLastName','pass',40),(978,61,NULL,NULL,'shouldAddNewVisitForPet','pass',40),(979,37,NULL,NULL,'shouldUpdateOwner','pass',40),(980,20,NULL,NULL,'shouldFindVisitsByPetId','pass',40),(981,49,NULL,NULL,'shouldInsertPetIntoDatabaseAndGenerateId','pass',40),(982,36,NULL,NULL,'shouldInsertOwner','pass',40),(983,77,NULL,NULL,'shouldFindSingleOwnerWithPet','pass',40),(984,40,NULL,NULL,'shouldUpdatePetName','pass',40),(985,22,NULL,NULL,'shouldFindAllPetTypes','pass',40),(986,23,NULL,NULL,'shouldFindPetWithCorrectId','pass',40),(987,945,NULL,NULL,'testProcessUpdateOwnerFormHasErrors','pass',40),(988,12,NULL,NULL,'testProcessCreationFormSuccess','pass',40),(989,29,NULL,NULL,'testInitFindForm','pass',40),(990,80,NULL,NULL,'testShowOwner','pass',40),(991,24,NULL,NULL,'testInitUpdateOwnerForm','pass',40),(992,21,NULL,NULL,'testInitCreationForm','pass',40),(993,8,NULL,NULL,'testProcessFindFormByLastName','pass',40),(994,18,NULL,NULL,'testProcessFindFormNoOwnersFound','pass',40),(995,25,NULL,NULL,'testProcessFindFormSuccess','pass',40),(996,8,NULL,NULL,'testProcessUpdateOwnerFormSuccess','pass',40),(997,19,NULL,NULL,'testProcessCreationFormHasErrors','pass',40),(998,67,NULL,NULL,'testProcessNewVisitFormHasErrors','pass',40),(999,6,NULL,NULL,'testProcessNewVisitFormSuccess','pass',40),(1000,15,NULL,NULL,'testInitNewVisitForm','pass',40),(1001,45,NULL,NULL,'testShowVetListHtml','pass',40),(1002,126,NULL,NULL,'testShowResourcesVetList','pass',40),(1003,0,'skipped',NULL,'org.springframework.samples.petclinic.system.CrashControllerTests','skip',40),(1004,52,NULL,NULL,'testFindAll','pass',40),(1005,0,NULL,NULL,'shouldNotValidateWhenFirstNameEmpty','pass',40),(1006,18,NULL,NULL,'testSerialization','pass',40),(1007,29,NULL,NULL,'shouldThrowParseException','pass',40),(1008,83,NULL,NULL,'testPrint','pass',40),(1009,1,NULL,NULL,'shouldParse','pass',40),(1010,23,NULL,NULL,'testProcessCreationFormSuccess','pass',40),(1011,10,NULL,NULL,'testProcessUpdateFormSuccess','pass',40),(1012,64,NULL,NULL,'testInitUpdateForm','pass',40),(1013,20,NULL,NULL,'testInitCreationForm','pass',40),(1014,20,NULL,NULL,'testProcessCreationFormHasErrors','pass',40),(1015,20,NULL,NULL,'testProcessUpdateFormHasErrors','pass',40);
/*!40000 ALTER TABLE `test` ENABLE KEYS */;
UNLOCK TABLES;

--
-- Table structure for table `user`
--

DROP TABLE IF EXISTS `user`;
/*!40101 SET @saved_cs_client     = @@character_set_client */;
/*!50503 SET character_set_client = utf8mb4 */;
CREATE TABLE `user` (
  `id` int NOT NULL AUTO_INCREMENT,
  `name` varchar(255) DEFAULT NULL,
  `password` varchar(255) DEFAULT NULL,
  `role` varchar(20) DEFAULT 'user',
  `uid` varchar(255) DEFAULT NULL,
  `department_id` int DEFAULT NULL,
  PRIMARY KEY (`id`),
  KEY `FKgkh2fko1e4ydv1y6vtrwdc6my` (`department_id`),
  CONSTRAINT `FKgkh2fko1e4ydv1y6vtrwdc6my` FOREIGN KEY (`department_id`) REFERENCES `department` (`id`)
) ENGINE=InnoDB AUTO_INCREMENT=4 DEFAULT CHARSET=utf8mb4 COLLATE=utf8mb4_0900_ai_ci;
/*!40101 SET character_set_client = @saved_cs_client */;

--
-- Dumping data for table `user`
--

LOCK TABLES `user` WRITE;
/*!40000 ALTER TABLE `user` DISABLE KEYS */;
INSERT INTO `user` VALUES (1,'sds','sds','admin','sds',1),(2,'','cnh','user','cnh',1),(3,'kyr','kyr','user','kyr',1);
/*!40000 ALTER TABLE `user` ENABLE KEYS */;
UNLOCK TABLES;
/*!40103 SET TIME_ZONE=@OLD_TIME_ZONE */;

/*!40101 SET SQL_MODE=@OLD_SQL_MODE */;
/*!40014 SET FOREIGN_KEY_CHECKS=@OLD_FOREIGN_KEY_CHECKS */;
/*!40014 SET UNIQUE_CHECKS=@OLD_UNIQUE_CHECKS */;
/*!40101 SET CHARACTER_SET_CLIENT=@OLD_CHARACTER_SET_CLIENT */;
/*!40101 SET CHARACTER_SET_RESULTS=@OLD_CHARACTER_SET_RESULTS */;
/*!40101 SET COLLATION_CONNECTION=@OLD_COLLATION_CONNECTION */;
/*!40111 SET SQL_NOTES=@OLD_SQL_NOTES */;

-- Dump completed on 2021-05-20 20:45:25
